id,gen,cage,fam,sex,coat.color,dob,batch,rip.date,rip.mo,rip.age,rip.weight
26580,50,TestF50-18,BrF49-36,M,A,7/3/2012,2,9/24/2012,Sep,83,31.8
26581,50,TestF50-17,BrF49-36,F,A,7/3/2012,2,9/24/2012,Sep,83,30.4
26582,50,TestF50-17,BrF49-37,F,A,7/6/2012,2,9/24/2012,Sep,80,33.7
26583,50,TestF50-18,BrF49-37,M,A,7/6/2012,2,9/24/2012,Sep,80,35.9
26584,50,TestF50-18,BrF49-38,M,B,7/6/2012,2,9/24/2012,Sep,80,33.4
26585,50,TestF50-19,BrF49-38,F,A,7/6/2012,2,9/24/2012,Sep,80,25.7
26586,50,TestF50-18,BrF49-39,M,B,7/4/2012,2,9/24/2012,Sep,82,27.5
26587,50,TestF50-17,BrF49-39,F,B,7/4/2012,2,9/24/2012,Sep,82,22.3
26588,50,TestF50-17,BrF49-41,F,B,7/5/2012,2,9/24/2012,Sep,81,25.5
26589,50,TestF50-20,BrF49-41,M,B,7/5/2012,2,9/24/2012,Sep,81,29.1
26590,50,TestF50-19,BrF49-44,F,B,7/4/2012,2,9/24/2012,Sep,82,20.9
26591,50,TestF50-20,BrF49-44,M,A,7/4/2012,2,9/24/2012,Sep,82,27.2
26592,50,TestF50-20,BrF49-46,M,B,7/4/2012,2,9/24/2012,Sep,82,30.8
26593,50,TestF50-19,BrF49-46,F,B,7/4/2012,2,9/24/2012,Sep,82,24.1
26594,50,TestF50-20,BrF49-55,M,W,7/4/2012,2,9/24/2012,Sep,82,29.6
26595,50,TestF50-19,BrF49-55,F,W,7/4/2012,2,9/24/2012,Sep,82,24.8
45493,50,TestF50-33,BrF49-82,F,W,7/19/2012,3,10/10/2012,Oct,83,19.7
45494,50,TestF50-36,BrF49-82,M,W,7/19/2012,3,10/11/2012,Oct,84,29.7
45496,50,TestF50-02,BrF49-01,M,B,6/20/2012,1,9/10/2012,Sep,82,32.9
45497,50,TestF50-01,BrF49-01,F,B,6/20/2012,1,9/10/2012,Sep,82,24.5
45498,50,TestF50-01,BrF49-03,F,W,6/19/2012,1,9/10/2012,Sep,83,24
45499,50,TestF50-02,BrF49-04,M,B,6/20/2012,1,9/10/2012,Sep,82,29.4
46001,50,TestF50-01,BrF49-04,F,B,6/20/2012,1,9/10/2012,Sep,82,25.5
46002,50,TestF50-01,BrF49-06,F,A,6/20/2012,1,9/10/2012,Sep,82,19.1
46004,50,TestF50-02,BrF49-07,M,A,6/19/2012,1,9/10/2012,Sep,83,28.2
46005,50,TestF50-03,BrF49-07,F,B,6/19/2012,1,9/10/2012,Sep,83,21.8
46006,50,TestF50-03,BrF49-09,F,B,6/19/2012,1,9/10/2012,Sep,83,35
46007,50,TestF50-04,BrF49-09,M,W,6/19/2012,1,9/10/2012,Sep,83,35.8
46008,50,TestF50-03,BrF49-21,F,W,6/20/2012,1,9/10/2012,Sep,82,21.3
46009,50,TestF50-04,BrF49-21,M,B,6/20/2012,1,9/10/2012,Sep,82,38.4
46010,50,TestF50-04,BrF49-13,M,A,6/20/2012,1,9/10/2012,Sep,82,42.6
46011,50,TestF50-03,BrF49-13,F,A,6/20/2012,1,9/10/2012,Sep,82,28.2
46012,50,TestF50-04,BrF49-14,M,B,6/20/2012,1,9/10/2012,Sep,82,35.5
46013,50,TestF50-05,BrF49-14,F,A,6/20/2012,1,9/10/2012,Sep,82,26.2
46014,50,TestF50-05,BrF49-18,F,A,6/20/2012,1,9/10/2012,Sep,82,29.3
46015,50,TestF50-06,BrF49-18,M,A,6/20/2012,1,9/10/2012,Sep,82,37.2
46016,50,TestF50-06,BrF49-22,M,B,6/19/2012,1,9/10/2012,Sep,83,41.5
46017,50,TestF50-05,BrF49-22,F,W,6/19/2012,1,9/10/2012,Sep,83,23.3
46019,50,TestF50-05,BrF49-23,F,W,6/19/2012,1,9/10/2012,Sep,83,28
46020,50,TestF50-06,BrF49-23,M,W,6/19/2012,1,9/10/2012,Sep,83,40.5
46023,50,TestF50-06,BrF49-24,M,A,6/19/2012,1,9/10/2012,Sep,83,33.2
46024,50,TestF50-07,BrF49-24,M,W,6/19/2012,1,9/10/2012,Sep,83,29.6
46027,50,TestF50-07,BrF49-31,M,A,6/21/2012,1,9/10/2012,Sep,81,29.1
46126,50,TestF50-10,BrF49-26,M,W,6/21/2012,1,9/11/2012,Sep,82,38
46127,50,TestF50-09,BrF49-26,F,A,6/21/2012,1,9/11/2012,Sep,82,22.2
46128,50,TestF50-42,BrF49-08,M,B,6/22/2012,2,9/24/2012,Sep,94,43.2
46129,50,TestF50-41,BrF49-08,F,B,6/22/2012,2,9/24/2012,Sep,94,31.5
46130,50,TestF50-10,BrF49-05,M,A,6/21/2012,1,9/11/2012,Sep,82,36.7
46131,50,TestF50-09,BrF49-05,F,W,6/21/2012,1,9/11/2012,Sep,82,26.1
46132,50,TestF50-10,BrF49-11,M,W,6/21/2012,1,9/11/2012,Sep,82,35
46133,50,TestF50-09,BrF49-11,F,A,6/21/2012,1,9/11/2012,Sep,82,26.3
46134,50,TestF50-12,BrF49-10,M,A,6/21/2012,1,9/11/2012,Sep,82,34.7
46135,50,TestF50-11,BrF49-10,F,W,6/21/2012,1,9/11/2012,Sep,82,25.1
46136,50,TestF50-12,BrF49-16,M,A,6/21/2012,1,9/11/2012,Sep,82,34.8
46137,50,TestF50-11,BrF49-16,F,B,6/21/2012,1,9/11/2012,Sep,82,26.1
46138,50,TestF50-12,BrF49-27,M,W,6/21/2012,1,9/11/2012,Sep,82,34.4
46139,50,TestF50-11,BrF49-27,F,B,6/21/2012,1,9/11/2012,Sep,82,22.1
46140,50,TestF50-12,BrF49-29,M,B,6/21/2012,1,9/11/2012,Sep,82,33.3
46141,50,TestF50-11,BrF49-29,F,A,6/21/2012,1,9/11/2012,Sep,82,22.5
46142,50,TestF50-14,BrF49-32,M,W,6/21/2012,1,9/11/2012,Sep,82,29.3
46143,50,TestF50-13,BrF49-32,F,B,6/21/2012,1,9/11/2012,Sep,82,22.1
46144,50,TestF50-14,BrF49-33,M,A,6/21/2012,1,9/11/2012,Sep,82,29.8
46145,50,TestF50-13,BrF49-33,F,W,6/21/2012,1,9/11/2012,Sep,82,24
46146,50,TestF50-14,BrF49-34,M,B,6/21/2012,1,9/11/2012,Sep,82,30.3
46147,50,TestF50-13,BrF49-34,F,B,6/21/2012,1,9/11/2012,Sep,82,18.3
46148,50,TestF50-14,BrF49-02,M,W,6/21/2012,1,9/11/2012,Sep,82,33.5
46149,50,TestF50-13,BrF49-02,F,A,6/21/2012,1,9/11/2012,Sep,82,24.6
46150,50,TestF50-16,BrF49-12,M,A,6/21/2012,1,9/11/2012,Sep,82,31.9
46151,50,TestF50-15,BrF49-12,F,A,6/21/2012,1,9/11/2012,Sep,82,21.4
46152,50,TestF50-16,BrF49-19,M,A,6/21/2012,1,9/11/2012,Sep,82,34.6
46153,50,TestF50-15,BrF49-19,F,B,6/21/2012,1,9/11/2012,Sep,82,23.8
46154,50,TestF50-16,BrF49-20,M,B,6/21/2012,1,9/11/2012,Sep,82,25.4
46155,50,TestF50-15,BrF49-20,F,W,6/21/2012,1,9/11/2012,Sep,82,18.7
46156,50,TestF50-42,BrF49-17,M,A,6/25/2012,2,9/24/2012,Sep,91,35
46157,50,TestF50-41,BrF49-17,F,B,6/25/2012,2,9/24/2012,Sep,91,25.1
46307,50,TestF50-37,BrF49-84,F,W,7/19/2012,3,10/11/2012,Oct,84,21.4
46319,50,TestF50-39,BrF49-35,F,A,7/26/2012,3,10/11/2012,Oct,77,22.4
46320,50,TestF50-40,BrF49-35,M,B,7/26/2012,3,10/11/2012,Oct,77,30.4
46341,50,TestF50-21,BrF49-40,F,B,7/5/2012,2,9/24/2012,Sep,81,20
46345,50,TestF50-21,BrF49-48,F,W,7/4/2012,2,9/24/2012,Sep,82,22.8
46349,50,TestF50-21,BrF49-49,F,A,7/5/2012,2,9/24/2012,Sep,81,17.9
46353,50,TestF50-21,BrF49-53,F,W,7/5/2012,2,9/24/2012,Sep,81,25.5
46356,50,TestF50-24,BrF49-54,M,B,7/5/2012,2,9/24/2012,Sep,81,43.1
46357,50,TestF50-23,BrF49-54,F,B,7/5/2012,2,9/24/2012,Sep,81,20.2
46360,50,TestF50-24,BrF49-50,M,W,7/5/2012,2,9/24/2012,Sep,81,31.5
46361,50,TestF50-23,BrF49-50,F,W,7/5/2012,2,9/24/2012,Sep,81,27.5
46364,50,TestF50-24,BrF49-42,M,A,7/6/2012,2,9/24/2012,Sep,80,34.1
46365,50,TestF50-23,BrF49-42,F,A,7/6/2012,2,9/24/2012,Sep,80,19.7
46369,50,TestF50-23,BrF49-43,F,B,7/5/2012,2,9/24/2012,Sep,81,26.6
46372,50,TestF50-25,BrF49-51,M,A,7/6/2012,2,9/24/2012,Sep,80,36.8
46386,50,TestF50-25,BrF49-52,M,B,7/5/2012,2,9/24/2012,Sep,81,31.9
46388,50,TestF50-36,BrF49-71,M,B,7/19/2012,3,10/11/2012,Oct,84,30.2
46389,50,TestF50-35,BrF49-71,F,A,7/19/2012,3,10/11/2012,Oct,NA,NA
46392,50,TestF50-36,BrF49-75,M,B,7/21/2012,3,10/11/2012,Oct,82,41.3
46393,50,TestF50-35,BrF49-75,F,B,7/21/2012,3,10/11/2012,Oct,NA,NA
46397,50,TestF50-37,BrF49-65,F,A,7/19/2012,3,10/11/2012,Oct,84,22.2
46429,50,TestF50-27,BrF49-57,F,B,7/14/2012,3,10/10/2012,Oct,88,28.9
46430,50,TestF50-28,BrF49-57,M,B,7/14/2012,3,10/10/2012,Oct,88,43.1
46433,50,TestF50-27,BrF49-81,F,A,7/18/2012,3,10/10/2012,Oct,84,22
46434,50,TestF50-28,BrF49-81,M,A,7/18/2012,3,10/10/2012,Oct,84,26.8
46437,50,TestF50-27,BrF49-66,F,B,7/18/2012,3,10/10/2012,Oct,84,23.5
46438,50,TestF50-28,BrF49-66,M,B,7/18/2012,3,10/10/2012,Oct,84,32.9
46442,50,TestF50-28,BrF49-67,M,A,7/18/2012,3,10/10/2012,Oct,84,31.6
46446,50,TestF50-30,BrF49-61,M,B,7/18/2012,3,10/10/2012,Oct,84,31.8
46447,50,TestF50-29,BrF49-61,F,B,7/18/2012,3,10/10/2012,Oct,84,24.3
46450,50,TestF50-30,BrF49-63,M,W,7/19/2012,3,10/10/2012,Oct,83,34.4
46451,50,TestF50-29,BrF49-63,F,W,7/19/2012,3,10/10/2012,Oct,83,23.7
46454,50,TestF50-30,BrF49-72,M,A,7/18/2012,3,10/10/2012,Oct,84,40.6
46455,50,TestF50-29,BrF49-72,F,A,7/18/2012,3,10/10/2012,Oct,84,27.6
46457,50,TestF50-29,BrF49-60,F,A,7/18/2012,3,10/10/2012,Oct,84,19.4
46458,50,TestF50-30,BrF49-60,M,B,7/18/2012,3,10/10/2012,Oct,84,29.5
46461,50,TestF50-31,BrF49-78,F,A,7/18/2012,3,10/10/2012,Oct,84,22.3
46462,50,TestF50-32,BrF49-78,M,A,7/18/2012,3,10/10/2012,Oct,84,35.3
46465,50,TestF50-31,BrF49-73,F,W,7/18/2012,3,10/10/2012,Oct,84,22
46466,50,TestF50-32,BrF49-58,M,W,7/18/2012,3,10/10/2012,Oct,84,31.7
46469,50,TestF50-31,BrF49-64,F,A,7/19/2012,3,10/10/2012,Oct,83,25
46470,50,TestF50-32,BrF49-64,M,A,7/19/2012,3,10/10/2012,Oct,83,28.2
46473,50,TestF50-31,BrF49-58,F,W,7/19/2012,3,10/10/2012,Oct,83,20.1
46474,50,TestF50-32,BrF49-73,M,W,7/19/2012,3,10/10/2012,Oct,83,30.9
46478,50,TestF50-34,BrF49-68,M,W,7/21/2012,3,10/11/2012,Oct,82,36.9
46479,50,TestF50-33,BrF49-68,F,B,7/21/2012,3,10/10/2012,Oct,81,28.6
46482,50,TestF50-34,BrF49-83,M,A,7/22/2012,3,10/11/2012,Oct,81,32.1
46483,50,TestF50-33,BrF49-83,F,B,7/22/2012,3,10/10/2012,Oct,80,23.2
46486,50,TestF50-34,BrF49-69,M,A,7/21/2012,3,10/11/2012,Oct,82,28.7
46487,50,TestF50-33,BrF49-69,F,A,7/21/2012,3,10/10/2012,Oct,81,19.4
46490,50,TestF50-34,BrF49-74,M,B,7/21/2012,3,10/11/2012,Oct,82,29.8
46491,50,TestF50-35,BrF49-74,F,B,7/21/2012,3,10/11/2012,Oct,82,25.5
46497,50,TestF50-35,BrF49-85,F,W,7/19/2012,3,10/11/2012,Oct,84,23.5
46498,50,TestF50-36,BrF49-85,M,A,7/19/2012,3,10/11/2012,Oct,84,27.4
46640,50,TestF50-40,BrF49-70,M,B,7/24/2012,3,10/11/2012,Oct,80,39.1
46641,50,TestF50-39,BrF49-70,F,A,7/23/2012,3,10/11/2012,Oct,80,28.5
46644,50,TestF50-40,BrF49-45,M,W,7/23/2012,3,10/11/2012,Oct,79,30.2
46645,50,TestF50-39,BrF49-45,F,W,7/24/2012,3,10/11/2012,Oct,79,21.3
46672,50,TestF50-43,BrF49-62,M,B,7/30/2012,2,10/11/2012,Oct,73,28.9
46675,50,TestF50-37,BrF49-62,F,B,7/30/2012,3,10/11/2012,Oct,73,20.7
46695,51,TestF51-01,BrF50-07,F,W,9/10/2012,4,12/6/2012,Dec,87,21.5
48290,51,TestF51-52,BrF50-101,M,W,12/12/2012,6,2/26/2013,Feb,79,20.4
48304,51,TestF51-02,BrF50-07,M,A,9/10/2012,4,12/6/2012,Dec,87,30.1
48305,51,TestF51-01,BrF50-04,F,B,9/10/2012,4,12/6/2012,Dec,87,23.2
48306,51,TestF51-02,BrF50-04,M,B,9/10/2012,4,12/6/2012,Dec,87,35.3
48311,51,TestF51-03,BrF50-01,F,A,9/12/2012,4,12/6/2012,Dec,85,28
48313,51,TestF51-03,BrF50-34,F,W,9/12/2012,4,12/6/2012,Dec,85,22.5
48314,51,TestF51-04,BrF50-01,M,A,9/12/2012,4,12/6/2012,Dec,85,29.5
48316,51,TestF51-04,BrF50-34,M,W,9/12/2012,4,12/6/2012,Dec,85,37.7
48325,51,TestF51-15,BrF50-05,F,W,9/12/2012,4,12/7/2012,Dec,86,22.6
48326,51,TestF51-14,BrF50-25,M,B,9/10/2012,4,12/7/2012,Dec,88,33.9
48328,51,TestF51-14,BrF50-05,M,W,9/12/2012,4,12/7/2012,Dec,86,30.5
48331,51,TestF51-15,BrF50-25,F,B,9/10/2012,4,12/7/2012,Dec,88,24.5
48332,51,TestF51-14,BrF50-24,M,A,9/12/2012,4,12/7/2012,Dec,86,36.3
48337,51,TestF51-15,BrF50-24,F,A,9/12/2012,4,12/7/2012,Dec,86,27.1
48342,51,TestF51-14,BrF50-03,M,B,9/11/2012,4,12/7/2012,Dec,87,34.8
48344,51,TestF51-06,BrF50-32,M,B,9/14/2012,4,12/6/2012,Dec,83,29.6
48345,51,TestF51-05,BrF50-32,F,B,9/14/2012,4,12/6/2012,Dec,83,23.6
48347,51,TestF51-05,BrF50-02,F,B,9/13/2012,4,12/6/2012,Dec,84,22.4
48348,51,TestF51-06,BrF50-02,M,B,9/13/2012,4,12/6/2012,Dec,84,28.7
48352,51,TestF51-06,BrF50-35,M,W,9/13/2012,4,12/6/2012,Dec,84,31.2
48353,51,TestF51-05,BrF50-35,F,W,9/13/2012,4,12/6/2012,Dec,84,21.2
48355,51,TestF51-05,BrF50-17,F,A,9/16/2012,4,12/6/2012,Dec,81,22.4
48358,51,TestF51-06,BrF50-17,M,A,9/16/2012,4,12/6/2012,Dec,81,30.5
48361,51,TestF51-07,BrF50-13,F,A,9/12/2012,4,12/6/2012,Dec,85,23.2
48362,51,TestF51-08,BrF50-13,M,A,9/12/2012,4,12/6/2012,Dec,85,28.9
48365,51,TestF51-07,BrF50-22,F,B,9/12/2012,4,12/6/2012,Dec,85,24.3
48366,51,TestF51-08,BrF50-22,M,B,9/12/2012,4,12/6/2012,Dec,85,30.4
48369,51,TestF51-07,BrF50-19,F,B,9/13/2012,4,12/6/2012,Dec,84,19.7
48370,51,TestF51-08,BrF50-19,M,B,9/13/2012,4,12/6/2012,Dec,84,30
48373,51,TestF51-07,BrF50-12,F,A,9/11/2012,4,12/6/2012,Dec,86,20.8
48374,51,TestF51-08,BrF50-12,M,A,9/11/2012,4,12/6/2012,Dec,86,25.1
48377,51,TestF51-09,BrF50-11,F,W,9/14/2012,4,12/6/2012,Dec,83,24.6
48379,51,TestF51-09,BrF50-23,F,B,9/12/2012,4,12/6/2012,Dec,85,26.8
48381,51,TestF51-09,BrF50-06,F,W,9/12/2012,4,12/6/2012,Dec,85,21.4
48382,51,TestF51-10,BrF50-11,M,W,9/14/2012,4,12/7/2012,Dec,84,33.7
48383,51,TestF51-09,BrF50-14,F,A,9/12/2012,4,12/6/2012,Dec,85,22.5
48384,51,TestF51-10,BrF50-23,M,A,9/12/2012,4,12/7/2012,Dec,86,30.4
48387,51,TestF51-11,BrF50-29,F,W,9/16/2012,4,12/7/2012,Dec,82,18.4
48390,51,TestF51-10,BrF50-06,M,W,9/12/2012,4,12/7/2012,Dec,86,28.9
48391,51,TestF51-11,BrF50-09,F,A,9/12/2012,4,12/7/2012,Dec,86,25.6
48394,51,TestF51-10,BrF50-14,M,A,9/12/2012,4,12/7/2012,Dec,86,32.2
48395,51,TestF51-11,BrF50-26,F,B,9/13/2012,4,12/7/2012,Dec,85,25.3
48398,51,TestF51-12,BrF50-29,M,W,9/16/2012,4,12/7/2012,Dec,82,23
48399,51,TestF51-11,BrF50-18,F,B,9/12/2012,4,12/7/2012,Dec,86,23.1
48402,51,TestF51-12,BrF50-09,M,B,9/12/2012,4,12/7/2012,Dec,86,30.9
48406,51,TestF51-12,BrF50-26,M,A,9/13/2012,4,12/7/2012,Dec,85,30.1
48408,51,TestF51-12,BrF50-18,M,A,9/12/2012,4,12/7/2012,Dec,86,23.4
48409,51,TestF51-13,BrF50-20,F,A,9/14/2012,4,12/7/2012,Dec,84,23.2
48411,51,TestF51-13,BrF50-10,F,B,9/10/2012,4,12/7/2012,Dec,88,26.7
48412,51,TestF51-16,BrF50-20,M,W,9/14/2012,4,12/7/2012,Dec,84,29.9
48416,51,TestF51-16,BrF50-10,M,B,9/10/2012,4,12/7/2012,Dec,88,37.4
48417,51,TestF51-13,BrF50-17,F,W,9/16/2012,4,12/7/2012,Dec,82,23.6
48420,51,TestF51-16,BrF50-16,M,B,9/13/2012,4,12/7/2012,Dec,85,31.8
48423,51,TestF51-17,BrF50-31,F,A,9/20/2012,4,12/7/2012,Dec,78,22.5
48425,51,TestF51-17,BrF50-28,F,B,9/22/2012,4,12/7/2012,Dec,76,25
48426,51,TestF51-18,BrF50-31,M,A,9/20/2012,4,12/7/2012,Dec,78,30.1
48432,51,TestF51-18,BrF50-28,M,B,9/22/2012,4,12/7/2012,Dec,76,25.8
48436,51,TestF51-20,BrF50-37,M,A,10/4/2012,5,1/2/2013,Jan,83,29.4
48439,51,TestF51-19,BrF50-37,F,W,10/4/2012,5,1/2/2013,Jan,83,21.3
48441,51,TestF51-19,BrF50-38,F,B,10/4/2012,5,1/2/2013,Jan,83,23.8
48443,51,TestF51-19,BrF50-03,F,B,9/11/2012,5,1/2/2013,Jan,83,21.9
48444,51,TestF51-20,BrF50-66,M,B,10/4/2012,5,1/2/2013,Jan,83,22
48445,51,TestF51-19,BrF50-66,F,A,10/4/2012,5,1/2/2013,Jan,83,18.8
48447,51,TestF51-21,BrF50-40,F,B,10/4/2012,5,1/2/2013,Jan,83,21.3
48449,51,TestF51-21,BrF50-43,F,W,10/4/2012,5,1/2/2013,Jan,83,23.3
48452,51,TestF51-20,BrF50-40,M,B,10/4/2012,5,1/2/2013,Jan,83,31.3
48456,51,TestF51-20,BrF50-43,M,W,10/4/2012,5,1/2/2013,Jan,83,38.5
48464,51,TestF51-22,BrF50-58,M,B,10/4/2012,5,1/2/2013,Jan,83,42.1
48468,51,TestF51-22,BrF50-61,M,A,10/5/2012,5,1/2/2013,Jan,82,35.5
48472,51,TestF51-22,BrF50-64,M,W,10/5/2012,5,1/2/2013,Jan,82,30.7
48473,51,TestF51-25,BrF50-56,F,B,10/5/2012,5,1/2/2013,Jan,82,22.6
48475,51,TestF51-25,BrF50-48,F,W,10/5/2012,5,1/2/2013,Jan,82,24.4
48477,51,TestF51-25,BrF50-41,F,W,10/6/2012,5,1/2/2013,Jan,81,23.8
48478,51,TestF51-22,BrF50-63,M,W,10/5/2012,5,1/2/2013,Jan,82,22.5
48479,51,TestF51-25,BrF50-62,F,B,10/5/2012,5,1/2/2013,Jan,82,22.4
48482,51,TestF51-24,BrF50-65,M,A,10/5/2012,5,1/2/2013,Jan,82,33.6
48486,51,TestF51-24,BrF50-56,M,B,10/5/2012,5,1/2/2013,Jan,82,33
48489,51,TestF51-27,BrF50-57,F,W,10/4/2012,5,1/3/2013,Jan,84,24.9
48490,51,TestF51-24,BrF50-48,M,W,10/5/2012,5,1/2/2013,Jan,82,34.7
48494,51,TestF51-24,BrF50-41,M,W,10/6/2012,5,1/2/2013,Jan,81,34.3
48495,51,TestF51-27,BrF50-39,F,A,10/5/2012,5,1/3/2013,Jan,83,23.1
48496,51,TestF51-26,BrF50-62,M,B,10/5/2012,5,1/2/2013,Jan,82,30.7
49004,51,TestF51-26,BrF50-57,M,W,10/4/2012,5,1/2/2013,Jan,83,32.9
49007,51,TestF51-27,BrF50-55,F,W,10/6/2012,5,1/3/2013,Jan,82,31.1
49008,51,TestF51-26,BrF50-39,M,A,10/5/2012,5,1/2/2013,Jan,82,37.8
49011,51,TestF51-29,BrF50-69,F,W,10/6/2012,5,1/3/2013,Jan,82,30.2
49012,51,TestF51-26,BrF50-50,M,A,10/6/2012,5,1/2/2013,Jan,81,27.4
49015,51,TestF51-29,BrF50-70,F,B,10/6/2012,5,1/3/2013,Jan,82,24.4
49016,51,TestF51-28,BrF50-55,M,A,10/6/2012,5,1/3/2013,Jan,82,33.8
49019,51,TestF51-29,BrF50-36,F,A,10/6/2012,5,1/3/2013,Jan,82,24.4
49020,51,TestF51-28,BrF50-69,M,W,10/6/2012,5,1/3/2013,Jan,82,36.6
49024,51,TestF51-28,BrF50-70,M,W,10/6/2012,5,1/3/2013,Jan,82,31
49025,51,TestF51-31,BrF50-52,F,W,10/7/2012,5,1/3/2013,Jan,81,22.5
49026,51,TestF51-28,BrF50-36,M,B,10/6/2012,5,1/3/2013,Jan,82,29.7
49027,51,TestF51-31,BrF50-71,F,B,10/7/2012,5,1/3/2013,Jan,81,25
49028,51,TestF51-30,BrF50-52,M,A,10/7/2012,5,1/3/2013,Jan,81,38.6
49031,51,TestF51-31,BrF50-46,F,W,10/7/2012,5,1/3/2013,Jan,81,25.7
49032,51,TestF51-30,BrF50-71,M,B,10/7/2012,5,1/3/2013,Jan,81,33.7
49035,51,TestF51-31,BrF50-68,F,A,10/7/2012,5,1/3/2013,Jan,81,22.3
49036,51,TestF51-30,BrF50-46,M,W,10/7/2012,5,1/3/2013,Jan,81,41.6
49040,51,TestF51-30,BrF50-68,M,W,10/7/2012,5,1/3/2013,Jan,81,33.8
49041,51,TestF51-33,BrF50-53,F,W,10/7/2012,5,1/3/2013,Jan,81,20.8
49045,51,TestF51-33,BrF50-51,F,A,10/7/2012,5,1/3/2013,Jan,81,31.6
49048,51,TestF51-32,BrF50-53,M,W,10/7/2012,5,1/3/2013,Jan,81,29.2
49052,51,TestF51-32,BrF50-51,M,A,10/7/2012,5,1/3/2013,Jan,81,30.1
49055,51,TestF51-33,BrF50-30,F,A,10/3/2012,5,1/3/2013,Jan,85,43.2
49056,51,TestF51-32,BrF50-30,M,B,10/3/2012,5,1/3/2013,Jan,85,38
49210,51,TestF51-42,BrF50-76,M,W,12/8/2012,6,2/25/2013,Feb,82,29.6
49211,51,TestF51-43,BrF50-76,F,W,12/8/2012,6,2/25/2013,Feb,82,21.6
49213,51,TestF51-43,BrF50-77,F,B,12/9/2012,6,2/25/2013,Feb,81,23.5
49214,51,TestF51-42,BrF50-77,M,W,12/9/2012,6,2/25/2013,Feb,81,25.3
49217,51,TestF51-43,BrF50-78,F,W,12/9/2012,6,2/25/2013,Feb,81,23.1
49218,51,TestF51-42,BrF50-78,M,B,12/9/2012,6,2/25/2013,Feb,81,30.3
49221,51,TestF51-43,BrF50-79,F,A,12/9/2012,6,2/25/2013,Feb,81,21.4
49222,51,TestF51-42,BrF50-79,M,A,12/9/2012,6,2/25/2013,Feb,81,28.6
49226,51,TestF51-44,BrF50-87,M,B,12/8/2012,6,2/25/2013,Feb,82,30.7
49229,51,TestF51-45,BrF50-87,F,W,12/8/2012,6,2/25/2013,Feb,82,21.7
49230,51,TestF51-44,BrF50-81,M,W,12/8/2012,6,2/25/2013,Feb,82,27.3
49231,51,TestF51-45,BrF50-81,F,W,12/8/2012,6,2/25/2013,Feb,82,26.7
49233,51,TestF51-45,BrF50-82,F,A,12/9/2012,6,2/25/2013,Feb,81,23.2
49234,51,TestF51-44,BrF50-82,M,B,12/9/2012,6,2/25/2013,Feb,81,29.1
49237,51,TestF51-45,BrF50-84,F,A,12/10/2012,6,2/25/2013,Feb,80,26
49238,51,TestF51-44,BrF50-84,M,A,12/10/2012,6,2/25/2013,Feb,80,31
49240,51,TestF51-46,BrF50-85,M,A,12/9/2012,6,2/25/2013,Feb,81,25.7
49243,51,TestF51-47,BrF50-85,F,A,12/9/2012,6,2/25/2013,Feb,81,20
49245,51,TestF51-47,BrF50-86,F,B,12/10/2012,6,2/25/2013,Feb,80,24.6
49246,51,TestF51-46,BrF50-86,M,B,12/10/2012,6,2/25/2013,Feb,80,28
49249,51,TestF51-47,BrF50-72,F,B,12/10/2012,6,2/25/2013,Feb,80,25.1
49251,51,TestF51-47,BrF50-73,F,A,12/9/2012,6,2/25/2013,Feb,81,22.1
49254,51,TestF51-46,BrF50-73,M,A,12/9/2012,6,2/25/2013,Feb,81,27.1
49255,51,TestF51-49,BrF50-82,F,B,12/10/2012,6,2/26/2013,Feb,82,25.8
49258,51,TestF51-48,BrF50-82,M,A,12/10/2012,6,2/26/2013,Feb,81,26.8
49259,51,TestF51-49,BrF50-93,F,A,12/10/2012,6,2/26/2013,Feb,81,22
49262,51,TestF51-48,BrF50-93,M,W,12/10/2012,6,2/26/2013,Feb,80,26.4
49263,51,TestF51-49,BrF50-96,F,W,12/10/2012,6,2/26/2013,Feb,81,21.3
49266,51,TestF51-48,BrF50-96,M,W,12/10/2012,6,2/26/2013,Feb,80,25.4
49267,51,TestF51-49,BrF50-99,F,B,12/9/2012,6,2/26/2013,Feb,82,25.4
49270,51,TestF51-48,BrF50-99,M,B,12/9/2012,6,2/26/2013,Feb,81,32.2
49274,51,TestF51-50,BrF50-100,M,B,12/9/2012,6,2/26/2013,Feb,82,34.6
49278,51,TestF51-50,BrF50-105,M,W,12/10/2012,6,2/26/2013,Feb,81,31.1
49282,51,TestF51-50,BrF50-104,M,W,12/10/2012,6,2/26/2013,Feb,81,30.9
49286,51,TestF51-52,BrF50-97,M,B,12/11/2012,6,2/26/2013,Feb,80,29.5
49287,51,TestF51-53,BrF50-97,F,W,12/11/2012,6,2/26/2013,Feb,80,19.4
49289,51,TestF51-53,BrF50-101,F,B,12/12/2012,6,2/26/2013,Feb,79,21.5
49293,51,TestF51-53,BrF50-94,F,B,12/12/2012,6,2/26/2013,Feb,79,23.6
49294,51,TestF51-52,BrF50-94,M,B,12/12/2012,6,2/26/2013,Feb,79,30.2
49297,51,TestF51-53,BrF50-102,F,W,12/11/2012,6,2/26/2013,Feb,80,24
49298,51,TestF51-52,BrF50-102,M,A,12/11/2012,6,2/26/2013,Feb,80,33.3
49383,53,TestF53-19,BrF52-35,F,B,4/30/2013,10,7/16/2013,Jul,77,22.1
49401,51,TestF51-55,BrF50-95,F,A,12/11/2012,6,2/26/2013,Feb,80,23.7
49404,51,TestF51-54,BrF50-95,M,W,12/11/2012,6,2/26/2013,Feb,80,37
49405,51,TestF51-55,BrF50-103,F,A,12/11/2012,6,2/26/2013,Feb,80,22.7
49408,51,TestF51-54,BrF50-103,M,A,12/11/2012,6,2/26/2013,Feb,80,39.7
49409,51,TestF51-55,BrF50-89,F,A,12/14/2012,6,2/26/2013,Feb,77,23
49414,51,TestF51-56,BrF50-98,M,W,12/21/2012,7,3/20/2013,Mar,89,27.6
49416,51,TestF51-54,BrF50-89,M,A,12/14/2012,6,2/26/2013,Feb,77,29
49417,51,TestF51-57,BrF50-98,F,W,12/21/2012,7,3/20/2013,Mar,89,23.1
49424,51,TestF51-56,BrF50-83,M,B,12/13/2012,7,3/20/2013,Mar,97,35.7
49426,51,TestF51-57,BrF50-72,F,B,12/10/2012,7,3/20/2013,Mar,80,21
49427,52,TestF52-01,BrF51-7,F,A,1/1/2013,7,3/20/2013,Mar,78,25.1
49430,52,TestF52-02,BrF51-7,M,W,1/1/2013,7,3/20/2013,Mar,78,37.3
49431,52,TestF52-01,BrF51-2,F,B,1/1/2013,7,3/20/2013,Mar,78,20.9
49432,52,TestF52-02,BrF51-2,M,B,1/1/2013,7,3/20/2013,Mar,78,30.6
49435,52,TestF52-01,BrF51-9,F,W,1/1/2013,7,3/20/2013,Mar,78,21.4
49436,52,TestF52-02,BrF51-9,M,A,1/1/2013,7,3/20/2013,Mar,78,26.7
49439,52,TestF52-01,BrF51-12,F,A,1/1/2013,7,3/20/2013,Mar,78,22.8
49440,52,TestF52-02,BrF51-12,M,B,1/1/2013,7,3/20/2013,Mar,78,33.9
49447,51,TestF51-59,BrF50-27,F,B,1/1/2013,7,3/20/2013,Mar,78,29.3
49448,51,TestF51-58,BrF50-27,M,B,1/1/2013,7,3/20/2013,Mar,78,34.6
49451,51,TestF51-59,BrF50-75,F,B,1/1/2013,7,3/20/2013,Mar,78,27.8
49452,51,TestF51-58,BrF50-75,M,B,1/1/2013,7,3/20/2013,Mar,78,41.8
49453,51,TestF51-59,BrF50-88,F,W,1/1/2013,7,3/20/2013,Mar,78,26.2
49456,51,TestF51-58,BrF50-88,M,W,1/1/2013,7,3/20/2013,Mar,78,27.8
49461,52,TestF52-03,BrF51-01,F,W,1/2/2013,7,3/20/2013,Mar,77,22.4
49462,52,TestF52-04,BrF51-01,M,B,1/2/2013,7,3/20/2013,Mar,77,38.7
49466,52,TestF52-04,BrF51-03,M,A,1/2/2013,7,3/20/2013,Mar,77,30.5
49467,52,TestF52-03,BrF51-03,F,B,1/2/2013,7,3/20/2013,Mar,77,18.2
49470,52,TestF52-04,BrF51-04,M,W,1/3/2013,7,3/20/2013,Mar,76,32.6
49471,52,TestF52-03,BrF51-04,F,B,1/3/2013,7,3/20/2013,Mar,76,23.2
49472,52,TestF52-04,BrF51-05,M,W,1/2/2013,7,3/20/2013,Mar,77,24
49475,52,TestF52-03,BrF51-05,F,W,1/2/2013,7,3/20/2013,Mar,77,20.5
49476,52,TestF52-06,BrF51-06,M,W,1/2/2013,7,3/20/2013,Mar,78,31.8
49479,52,TestF52-05,BrF51-06,F,B,1/2/2013,7,3/20/2013,Mar,77,20.6
49482,52,TestF52-06,BrF51-11,M,B,1/3/2013,7,3/20/2013,Mar,77,34
49485,52,TestF52-05,BrF51-11,F,B,1/3/2013,7,3/20/2013,Mar,76,20.5
49486,52,TestF52-06,BrF51-21,M,A,1/3/2013,7,3/20/2013,Mar,77,31.1
49487,52,TestF52-05,BrF51-21,F,A,1/3/2013,7,3/20/2013,Mar,76,22.8
49490,52,TestF52-06,BrF51-17,M,W,1/3/2013,7,3/20/2013,Mar,77,21.5
49494,52,TestF52-08,BrF51-15,M,W,1/3/2013,7,3/20/2013,Mar,77,32.1
49497,52,TestF52-05,BrF51-17,F,W,1/3/2013,7,3/20/2013,Mar,76,17.4
49498,52,TestF52-08,BrF51-14,M,A,1/1/2013,7,3/20/2013,Mar,79,29.9
49499,52,TestF52-07,BrF51-15,F,A,1/3/2013,7,3/20/2013,Mar,77,21.9
50076,53,TestF53-16,BrF52-33,M,W,4/26/2013,10,7/16/2013,Jul,81,27.8
50078,53,TestF53-18,BrF52-03,M,W,4/27/2013,10,7/16/2013,Jul,80,26.4
50085,53,TestF53-17,BrF52-29,F,W,4/27/2013,10,7/16/2013,Jul,80,25.2
50086,53,TestF53-18,BrF52-20,M,B,4/27/2013,10,7/16/2013,Jul,80,27.3
50092,53,TestF53-18,BrF52-26,M,A,4/26/2013,10,7/16/2013,Jul,81,27.6
50094,53,TestF53-20,BrF52-34,M,W,5/3/2013,10,7/16/2013,Jul,74,26.2
50095,53,TestF53-17,BrF52-26,F,A,4/26/2013,10,7/16/2013,Jul,81,24.5
50099,53,TestF53-19,BrF52-34,F,W,5/3/2013,10,7/16/2013,Jul,74,20.7
50100,53,TestF53-20,BrF52-35,M,B,4/30/2013,10,7/16/2013,Jul,77,33.7
50102,52,TestF52-08,BrF51-20,M,B,1/1/2013,7,3/20/2013,Mar,79,29.3
50103,52,TestF52-07,BrF51-14,F,W,1/1/2013,7,3/20/2013,Mar,79,19.6
50106,52,TestF52-08,BrF51-16,M,W,1/2/2013,7,3/20/2013,Mar,78,26.9
50107,52,TestF52-07,BrF51-20,F,B,1/1/2013,7,3/20/2013,Mar,79,22.1
50114,52,TestF52-10,BrF51-08,M,W,1/3/2013,7,3/20/2013,Mar,77,25.3
50115,52,TestF52-07,BrF51-16,F,B,1/2/2013,7,3/20/2013,Mar,78,19.1
50118,52,TestF52-10,BrF51-18,M,B,1/1/2013,7,3/20/2013,Mar,79,31.1
50119,52,TestF52-09,BrF51-08,F,W,1/3/2013,7,3/20/2013,Mar,77,15.8
50121,52,TestF52-09,BrF51-18,F,B,1/1/2013,7,3/20/2013,Mar,79,25.2
50122,52,TestF52-10,BrF51-19,M,A,1/2/2013,7,3/20/2013,Mar,78,23.3
50125,52,TestF52-09,BrF51-19,F,A,1/2/2013,7,3/20/2013,Mar,78,19.1
50129,52,TestF52-11,BrF51-25,F,W,1/1/2013,7,3/20/2013,Mar,79,27.8
50131,52,TestF52-11,BrF51-23,F,A,1/2/2013,7,3/20/2013,Mar,78,17.5
50132,52,TestF52-10,BrF51-25,M,W,1/1/2013,7,3/20/2013,Mar,79,31.8
50134,52,TestF52-12,BrF51-23,M,W,1/2/2013,7,3/20/2013,Mar,78,25.3
50137,52,TestF52-11,BrF51-24,F,B,1/2/2013,7,3/20/2013,Mar,78,25.1
50140,52,TestF52-12,BrF51-24,M,B,1/2/2013,7,3/20/2013,Mar,78,32.1
50143,52,TestF52-11,BrF51-22,F,A,1/3/2013,7,3/20/2013,Mar,77,23.5
50146,52,TestF52-12,BrF51-22,M,A,1/3/2013,7,3/20/2013,Mar,77,36.9
50147,52,TestF52-09,BrF51-10,F,A,1/11/2013,7,3/20/2013,Mar,69,29.2
50148,52,TestF52-12,BrF51-10,M,B,1/11/2013,7,3/20/2013,Mar,69,38.4
50150,51,TestF52-14,BrF50-90,M,B,1/30/2013,8,4/22/2013,Apr,82,34.4
50151,51,TestF52-13,BrF50-90,F,W,1/30/2013,8,4/22/2013,Apr,82,36.7
50152,52,TestF52-14,BrF51-58,M,B,1/30/2013,8,4/22/2013,Apr,82,33.4
50153,52,TestF52-13,BrF51-58,F,B,1/30/2013,8,4/22/2013,Apr,82,23.2
50156,52,TestF52-14,BrF51-36,M,A,1/30/2013,8,4/22/2013,Apr,82,42.9
50158,52,TestF52-14,BrF51-55,M,A,1/30/2013,8,4/22/2013,Apr,82,28.7
50159,52,TestF52-13,BrF51-36,F,A,1/30/2013,8,4/22/2013,Apr,82,22.3
50163,52,TestF52-13,BrF51-55,F,B,1/30/2013,8,4/22/2013,Apr,82,20.7
50164,52,TestF52-16,BrF51-54,M,A,1/30/2013,8,4/22/2013,Apr,82,30.8
50168,52,TestF52-16,BrF51-39,M,B,1/30/2013,8,4/22/2013,Apr,82,25.5
50172,52,TestF52-16,BrF51-43,M,W,1/31/2013,8,4/22/2013,Apr,81,34.9
50182,52,TestF52-16,BrF51-42,M,A,1/31/2013,8,4/22/2013,Apr,81,27.1
50185,52,TestF52-17,BrF51-44,F,W,1/31/2013,8,4/22/2013,Apr,81,24
50186,52,TestF52-18,BrF51-44,M,W,1/31/2013,8,4/22/2013,Apr,81,31.5
50189,52,TestF52-17,BrF51-10,F,A,2/2/2013,8,4/22/2013,Apr,79,26.5
50190,52,TestF52-18,BrF51-64,M,A,1/31/2013,8,4/22/2013,Apr,81,34.3
50191,52,TestF52-17,BrF51-64,F,B,1/31/2013,8,4/22/2013,Apr,81,26.1
50194,52,TestF52-18,BrF51-59,M,B,1/31/2013,8,4/22/2013,Apr,81,30.3
50195,52,TestF52-17,BrF51-59,F,B,1/31/2013,8,4/22/2013,Apr,81,19.9
50198,52,TestF52-18,BrF51-62,M,A,1/31/2013,8,4/22/2013,Apr,81,24.7
50201,52,TestF52-19,BrF51-65,F,B,2/1/2013,8,4/22/2013,Apr,80,23.2
50202,52,TestF52-20,BrF51-65,M,A,2/1/2013,8,4/22/2013,Apr,80,28
50205,52,TestF52-19,BrF51-33,F,B,2/1/2013,8,4/22/2013,Apr,80,22.2
50206,52,TestF52-20,BrF51-33,M,B,2/1/2013,8,4/22/2013,Apr,80,27.4
50210,52,TestF52-20,BrF51-34,M,W,2/1/2013,8,4/22/2013,Apr,80,23
50211,52,TestF52-19,BrF51-47,F,W,1/31/2013,8,4/22/2013,Apr,81,19.6
50216,52,TestF52-20,BrF51-47,M,W,1/31/2013,8,4/22/2013,Apr,81,28.8
50217,52,TestF52-19,BrF51-62,F,A,1/31/2013,8,4/22/2013,Apr,81,20.3
50220,52,TestF52-22,BrF51-63,M,B,2/1/2013,8,4/22/2013,Apr,81,32.6
50223,52,TestF52-21,BrF51-48,F,B,2/1/2013,8,4/22/2013,Apr,81,23.5
50225,52,TestF52-21,BrF51-56,F,A,2/1/2013,8,4/22/2013,Apr,81,17.8
50226,52,TestF52-22,BrF51-48,M,W,2/1/2013,8,4/22/2013,Apr,81,25.3
50230,52,TestF52-22,BrF51-56,M,A,2/1/2013,8,4/22/2013,Apr,81,27.5
50234,52,TestF52-24,BrF51-49,M,A,2/1/2013,8,4/22/2013,Apr,81,22.6
50235,52,TestF52-23,BrF51-49,F,A,2/1/2013,8,4/22/2013,Apr,81,20.5
50237,52,TestF52-23,BrF51-32,F,W,1/31/2013,8,4/22/2013,Apr,82,22.6
50238,52,TestF52-23,BrF51-61,F,W,2/1/2013,8,4/22/2013,Apr,82,28.5
50241,52,TestF52-23,BrF51-50,F,A,2/1/2013,8,4/22/2013,Apr,81,23.5
50242,52,TestF52-24,BrF51-50,M,A,2/1/2013,8,4/22/2013,Apr,81,35.2
50245,52,TestF52-24,BrF51-32,M,W,1/31/2013,8,4/22/2013,Apr,81,21.5
50248,52,TestF52-24,BrF51-51,M,B,2/1/2013,8,4/22/2013,Apr,81,31
50252,52,TestF52-26,BrF51-41,M,B,1/31/2013,8,4/22/2013,Apr,82,30.6
50253,52,TestF52-25,BrF51-51,F,B,2/1/2013,8,4/22/2013,Apr,81,19.8
50255,52,TestF52-25,BrF51-41,F,A,1/31/2013,8,4/22/2013,Apr,82,21
50258,52,TestF52-26,BrF51-60,M,W,2/1/2013,8,4/22/2013,Apr,81,28.3
50259,52,TestF52-25,BrF51-60,F,W,2/1/2013,8,4/22/2013,Apr,81,21.5
50262,52,TestF52-26,BrF51-52,M,W,2/2/2013,8,4/22/2013,Apr,80,26.1
50265,52,TestF52-27,BrF51-52,F,W,2/2/2013,8,4/22/2013,Apr,80,NA
50266,52,TestF52-26,BrF51-13,M,A,2/4/2013,8,4/22/2013,Apr,78,32.7
50269,52,TestF52-27,BrF51-13,F,B,2/4/2013,8,4/22/2013,Apr,78,28.3
50279,52,TestF52-27,BrF51-31,F,B,2/14/2013,8,4/22/2013,Apr,68,22.9
50282,52,TestF52-30,BrF51-26,M,W,2/17/2013,9,5/27/2013,May,89,30.4
50286,52,TestF52-30,BrF51-35,M,A,2/17/2013,9,5/27/2013,May,89,33.6
50288,52,TestF52-30,BrF51-29,M,B,2/18/2013,9,5/27/2013,May,88,35.6
50293,52,TestF52-31,BrF51-30,F,A,2/19/2013,9,5/27/2013,May,87,20.2
50296,52,TestF52-32,BrF51-30,M,A,2/19/2013,9,5/27/2013,May,87,34.2
50299,52,TestF52-31,BrF51-45,F,B,2/22/2013,9,5/27/2013,May,84,25.3
50300,52,TestF52-32,BrF51-45,M,B,2/22/2013,9,5/27/2013,May,84,39.2
50303,52,TestF52-31,BrF51-57,F,W,2/22/2013,9,5/27/2013,May,84,22.6
50304,52,TestF52-32,BrF51-57,M,W,2/22/2013,9,5/27/2013,May,84,29.7
50310,52,TestF52-32,BrF51-61,M,W,2/1/2013,9,5/27/2013,May,84,35.4
50311,52,TestF52-33,BrF51-77,F,W,2/27/2013,9,5/27/2013,May,79,23.9
50315,52,TestF52-33,BrF51-86,F,A,2/27/2013,9,5/27/2013,May,79,23.8
50316,52,TestF52-34,BrF51-72,M,A,2/27/2013,9,5/27/2013,May,79,36.1
50322,52,TestF52-34,BrF51-86,M,B,2/27/2013,9,5/27/2013,May,79,32.5
50326,52,TestF52-34,BrF51-38,M,W,2/27/2013,9,5/27/2013,May,79,41
50327,52,TestF52-33,BrF51-88,F,B,2/27/2013,9,5/27/2013,May,79,23.3
50330,52,TestF52-34,BrF51-88,M,B,2/27/2013,9,5/27/2013,May,79,32.8
50333,52,TestF52-35,BrF51-75,F,W,2/27/2013,9,5/27/2013,May,79,21.7
50335,52,TestF52-35,BrF51-74,F,B,2/27/2013,9,5/27/2013,May,79,23.2
50336,52,TestF52-36,BrF51-75,M,A,2/27/2013,9,5/27/2013,May,79,31.9
50340,52,TestF52-36,BrF51-74,M,B,2/27/2013,9,5/27/2013,May,79,29.3
50341,52,TestF52-37,BrF51-92,F,A,3/1/2013,9,5/27/2013,May,77,2
50344,52,TestF52-38,BrF51-92,M,B,3/1/2013,9,5/27/2013,May,77,32.4
50345,52,TestF52-37,BrF51-85,F,W,3/1/2013,9,5/27/2013,May,77,27.4
50348,52,TestF52-38,BrF51-85,M,B,3/1/2013,9,5/27/2013,May,77,38.9
50351,52,TestF52-37,BrF51-79,F,B,3/1/2013,9,5/27/2013,May,77,21
50354,52,TestF52-38,BrF51-79,M,W,3/1/2013,9,5/27/2013,May,77,32.3
50355,52,TestF52-37,BrF51-87,F,B,3/1/2013,9,5/27/2013,May,77,20.2
50358,52,TestF52-38,BrF51-87,M,A,3/1/2013,9,5/27/2013,May,77,29.8
50359,52,TestF52-39,BrF51-76,F,B,3/1/2013,9,5/28/2013,May,81,30.5
50364,52,TestF52-40,BrF51-80,M,W,3/2/2013,9,5/28/2013,May,80,33.8
50365,52,TestF52-39,BrF51-80,F,W,3/2/2013,9,5/28/2013,May,80,23.6
50369,52,TestF52-39,BrF51-90,F,W,3/2/2013,9,5/28/2013,May,80,25.5
50370,52,TestF52-40,BrF51-90,M,W,3/2/2013,9,5/28/2013,May,80,31.3
50374,52,TestF52-40,BrF51-89,M,W,3/2/2013,9,5/28/2013,May,80,28.9
50375,52,TestF52-41,BrF51-89,F,B,3/2/2013,9,5/28/2013,May,80,21.7
50377,52,TestF52-41,BrF51-34,F,W,3/1/2013,9,5/28/2013,May,81,24.6
50382,52,TestF52-42,BrF51-28,M,A,3/5/2013,9,5/28/2013,May,77,35.2
50383,52,TestF52-43,BrF51-28,F,A,3/5/2013,9,5/28/2013,May,77,26.2
50385,52,TestF52-43,BrF51-73,F,B,3/4/2013,9,5/28/2013,May,78,29.4
50386,52,TestF52-42,BrF51-73,M,B,3/4/2013,9,5/28/2013,May,78,31.3
50390,52,TestF52-42,BrF51-82,M,W,3/4/2013,9,5/28/2013,May,78,32.3
50391,52,TestF52-43,BrF51-82,F,W,3/4/2013,9,5/28/2013,May,78,22.7
50396,52,TestF52-42,BrF51-95,M,B,3/5/2013,9,5/28/2013,May,77,40.3
50397,52,TestF52-43,BrF51-95,F,W,3/5/2013,9,5/28/2013,May,77,23
50404,52,TestF52-44,BrF51-71,M,W,3/5/2013,9,5/28/2013,May,77,30.7
50405,52,TestF52-45,BrF51-71,F,A,3/5/2013,9,5/28/2013,May,77,23
50406,52,TestF52-44,BrF51-78,M,B,3/5/2013,9,5/28/2013,May,77,29.6
50407,52,TestF52-45,BrF51-78,F,W,3/5/2013,9,5/28/2013,May,77,21.9
50411,52,TestF52-45,BrF51-93,F,A,3/6/2013,9,5/28/2013,May,76,24.9
50412,52,TestF52-44,BrF51-93,M,A,3/6/2013,9,5/28/2013,May,76,35
50417,52,TestF52-45,BrF51-94,F,A,3/6/2013,9,5/28/2013,May,76,25.8
50419,52,TestF52-47,BrF51-26,F,W,3/10/2013,9,5/28/2013,May,72,20.5
50420,52,TestF52-44,BrF51-94,M,A,3/6/2013,9,5/28/2013,May,76,28.1
50421,52,TestF52-47,BrF51-84,F,B,3/9/2013,9,5/28/2013,May,73,40.1
50429,52,TestF52-47,BrF51-66,F,W,3/11/2013,9,5/28/2013,May,71,20.7
50430,52,TestF52-46,BrF51-84,M,B,3/9/2013,9,5/28/2013,May,73,33
50431,52,TestF52-47,BrF51-46,F,B,3/16/2013,9,5/28/2013,May,66,22.1
50432,52,TestF52-46,BrF51-66,M,A,3/11/2013,9,5/28/2013,May,71,28.2
50474,53,TestF53-02,BrF52-01,M,A,4/25/2013,10,7/15/2013,Jul,81,33
50475,53,TestF53-01,BrF52-01,F,A,4/25/2013,10,7/15/2013,Jul,81,26.6
50478,53,TestF53-02,BrF52-04,M,W,4/25/2013,10,7/15/2013,Jul,81,32.7
50479,53,TestF53-01,BrF52-04,F,B,4/25/2013,10,7/15/2013,Jul,81,20.5
50482,53,TestF53-02,BrF52-06,M,B,4/24/2013,10,7/15/2013,Jul,82,31.3
50485,53,TestF53-01,BrF52-06,F,B,4/24/2013,10,7/15/2013,Jul,82,22.9
50486,53,TestF53-02,BrF52-07,M,W,4/24/2013,10,7/15/2013,Jul,82,31.3
50487,53,TestF53-01,BrF52-07,F,W,4/24/2013,10,7/15/2013,Jul,82,24
50490,53,TestF53-04,BrF52-10,M,B,4/25/2013,10,7/15/2013,Jul,81,27.8
50491,53,TestF53-03,BrF52-10,F,W,4/25/2013,10,7/15/2013,Jul,81,21.9
50494,53,TestF53-04,BrF52-11,M,W,4/25/2013,10,7/15/2013,Jul,81,27.8
50496,53,TestF53-04,BrF52-14,M,A,4/24/2013,10,7/15/2013,Jul,82,30.6
50497,53,TestF53-03,BrF52-11,F,W,4/25/2013,10,7/15/2013,Jul,81,30.4
50500,53,TestF53-04,BrF52-16,M,W,4/25/2013,10,7/15/2013,Jul,81,27.5
50701,53,TestF53-03,BrF52-14,F,A,4/24/2013,10,7/15/2013,Jul,82,24.1
50703,53,TestF53-03,BrF52-16,F,B,4/25/2013,10,7/15/2013,Jul,81,23.3
50704,53,TestF53-06,BrF52-22,M,W,4/24/2013,10,7/15/2013,Jul,82,27.7
50707,53,TestF53-05,BrF52-22,F,W,4/24/2013,10,7/15/2013,Jul,82,22.8
50708,53,TestF53-06,BrF52-27,M,A,4/23/2013,10,7/15/2013,Jul,83,33.4
50712,53,TestF53-06,BrF52-24,M,B,4/25/2013,10,7/15/2013,Jul,81,27.7
50715,53,TestF53-05,BrF52-27,F,A,4/23/2013,10,7/15/2013,Jul,83,21.3
50716,53,TestF53-06,BrF52-28,M,B,4/25/2013,10,7/15/2013,Jul,81,44.3
50719,53,TestF53-05,BrF52-24,F,B,4/25/2013,10,7/15/2013,Jul,81,24.6
50722,53,TestF53-08,BrF52-30,M,W,4/24/2013,10,7/15/2013,Jul,82,31.6
50723,53,TestF53-05,BrF52-28,F,B,4/25/2013,10,7/15/2013,Jul,81,27.6
50728,53,TestF53-08,BrF52-31,M,B,4/25/2013,10,7/15/2013,Jul,81,28
50729,53,TestF53-07,BrF52-30,F,W,4/24/2013,10,7/15/2013,Jul,82,20.9
50731,53,TestF53-07,BrF52-31,F,B,4/25/2013,10,7/15/2013,Jul,81,22.1
50735,53,TestF53-07,BrF52-12,F,A,4/26/2013,10,7/15/2013,Jul,80,21
50736,53,TestF53-08,BrF52-12,M,A,4/26/2013,10,7/15/2013,Jul,80,28.3
50740,53,TestF53-08,BrF52-13,M,W,4/26/2013,10,7/15/2013,Jul,80,31.9
50741,53,TestF53-07,BrF52-13,F,W,4/26/2013,10,7/15/2013,Jul,80,21
50744,53,TestF53-10,BrF52-15,M,W,4/26/2013,10,7/16/2013,Jul,81,36.8
50745,53,TestF53-09,BrF52-15,F,B,4/26/2013,10,7/15/2013,Jul,80,24.1
50746,53,TestF53-10,BrF52-17,M,B,4/26/2013,10,7/16/2013,Jul,81,26.5
50749,53,TestF53-09,BrF52-17,F,W,4/26/2013,10,7/15/2013,Jul,80,22.9
50752,53,TestF53-10,BrF52-18,M,A,4/26/2013,10,7/16/2013,Jul,81,37.2
50753,53,TestF53-09,BrF52-18,F,W,4/26/2013,10,7/15/2013,Jul,80,21.6
50755,53,TestF53-09,BrF52-19,F,A,4/26/2013,10,7/15/2013,Jul,80,22.7
50756,53,TestF53-10,BrF52-19,M,B,4/26/2013,10,7/16/2013,Jul,81,32.8
50760,53,TestF53-12,BrF52-21,M,A,4/26/2013,10,7/16/2013,Jul,81,38.4
50763,53,TestF53-11,BrF52-21,F,A,4/26/2013,10,7/16/2013,Jul,81,30
50764,53,TestF53-12,BrF52-23,M,B,4/26/2013,10,7/16/2013,Jul,81,32.7
50767,53,TestF53-11,BrF52-23,F,W,4/26/2013,10,7/16/2013,Jul,81,25.8
50770,53,TestF53-12,BrF52-02,M,A,4/26/2013,10,7/16/2013,Jul,81,25.4
50771,53,TestF53-11,BrF52-02,F,A,4/26/2013,10,7/16/2013,Jul,81,24
50774,53,TestF53-12,BrF52-05,M,B,4/26/2013,10,7/16/2013,Jul,81,27.9
50775,53,TestF53-11,BrF52-05,F,B,4/26/2013,10,7/16/2013,Jul,81,20.9
50778,53,TestF53-14,BrF52-08,M,W,4/26/2013,10,7/16/2013,Jul,81,30.6
50779,53,TestF53-13,BrF52-08,F,W,4/26/2013,10,7/16/2013,Jul,81,24.3
50784,53,TestF53-14,BrF52-09,M,A,4/26/2013,10,7/16/2013,Jul,81,31.2
50787,53,TestF53-13,BrF52-09,F,A,4/26/2013,10,7/16/2013,Jul,81,21.6
50788,53,TestF53-14,BrF52-25,M,B,4/26/2013,10,7/16/2013,Jul,81,32.8
50792,53,TestF53-13,BrF52-25,F,B,4/26/2013,10,7/16/2013,Jul,81,22
50793,53,TestF53-15,BrF52-32,F,W,4/26/2013,10,7/16/2013,Jul,81,22.7
50794,53,TestF53-16,BrF52-32,M,B,4/26/2013,10,7/16/2013,Jul,81,28.9
50795,53,TestF53-15,BrF52-33,F,B,5/16/2013,10,7/16/2013,Jul,81,26.4
50797,53,TestF53-15,BrF52-03,F,W,4/27/2013,10,7/16/2013,Jul,80,25.6
50798,53,TestF53-18,BrF52-29,M,A,4/27/2013,10,7/16/2013,Jul,80,32.9
50799,53,TestF53-17,BrF52-20,F,W,4/27/2013,10,7/16/2013,Jul,80,19.4
51201,53,TestF53-21,BrF52-63,F,B,6/2/2013,11,8/26/2013,Aug,86,26.4
51202,53,TestF53-22,BrF52-46,M,W,6/4/2013,11,8/26/2013,Aug,84,29.8
51204,53,TestF53-22,BrF52-63,M,A,6/2/2013,11,8/26/2013,Aug,86,33.3
51205,53,TestF53-21,BrF52-38,F,A,6/3/2013,11,8/26/2013,Aug,85,24.5
51209,53,TestF53-21,BrF52-57,F,B,6/3/2013,11,8/26/2013,Aug,85,32.2
51210,53,TestF53-22,BrF52-38,M,B,6/3/2013,11,8/26/2013,Aug,85,33.5
51211,53,TestF53-21,BrF52-60,F,A,6/4/2013,11,8/26/2013,Aug,84,18.7
51216,53,TestF53-22,BrF52-57,M,B,6/3/2013,11,8/26/2013,Aug,85,40.2
51219,53,TestF53-23,BrF52-62,F,B,6/4/2013,11,8/26/2013,Aug,84,26.5
51220,53,TestF53-24,BrF52-60,M,A,6/4/2013,11,8/26/2013,Aug,84,22.6
51221,53,TestF53-23,BrF52-55,F,B,6/3/2013,11,8/26/2013,Aug,85,23.7
51223,53,TestF53-23,BrF52-49,F,A,6/4/2013,11,8/26/2013,Aug,84,18.6
51224,53,TestF53-24,BrF52-62,M,W,6/4/2013,11,8/26/2013,Aug,84,33.6
51228,53,TestF53-24,BrF52-55,M,B,6/3/2013,11,8/26/2013,Aug,85,37.4
51229,53,TestF53-23,BrF52-41,F,W,6/4/2013,11,8/26/2013,Aug,84,22.3
51233,53,TestF53-25,BrF52-40,F,B,6/5/2013,11,8/26/2013,Aug,83,26.4
51234,53,TestF53-24,BrF52-49,M,A,6/4/2013,11,8/26/2013,Aug,84,26.6
51236,53,TestF53-26,BrF52-41,M,W,6/4/2013,11,8/26/2013,Aug,84,37.4
51239,53,TestF53-25,BrF52-47,F,W,6/4/2013,11,8/26/2013,Aug,84,22.8
51240,53,TestF53-26,BrF52-40,M,B,6/5/2013,11,8/26/2013,Aug,83,34.5
51241,53,TestF53-25,BrF52-36,F,B,6/5/2013,11,8/26/2013,Aug,83,28.2
51243,53,TestF53-29,BrF52-56,F,B,6/5/2013,11,8/27/2013,Aug,83,23.1
51244,53,TestF53-26,BrF52-47,M,A,6/4/2013,11,8/26/2013,Aug,84,32.9
51245,53,TestF53-29,BrF52-64,F,B,6/4/2013,11,8/27/2013,Aug,84,26.5
51247,53,TestF53-25,BrF52-39,F,W,6/5/2013,11,8/26/2013,Aug,83,16.9
51250,53,TestF53-26,BrF52-36,M,W,6/5/2013,11,8/26/2013,Aug,83,40.6
51254,53,TestF53-30,BrF52-64,M,B,6/4/2013,11,8/27/2013,Aug,84,31.2
51257,53,TestF53-27,BrF52-37,F,A,6/5/2013,11,8/26/2013,Aug,85,28.4
51258,53,TestF53-28,BrF52-39,M,B,6/5/2013,11,8/27/2013,Aug,83,31
51259,53,TestF53-27,BrF52-59,F,W,6/5/2013,11,8/26/2013,Aug,83,21
51262,53,TestF53-28,BrF52-37,M,A,6/5/2013,11,8/27/2013,Aug,85,31.8
51263,53,TestF53-29,BrF52-43,F,W,6/6/2013,11,8/27/2013,Aug,82,27
51268,53,TestF53-28,BrF52-59,M,W,6/5/2013,11,8/27/2013,Aug,83,27.5
51272,53,TestF53-30,BrF52-56,M,B,6/5/2013,11,8/27/2013,Aug,83,30.3
51275,53,TestF53-33,BrF52-65,F,A,6/6/2013,11,8/27/2013,Aug,75,20.1
51276,53,TestF53-30,BrF52-43,M,A,6/6/2013,11,8/27/2013,Aug,82,37.7
51277,53,TestF53-29,BrF52-45,F,A,6/6/2013,11,8/27/2013,Aug,82,20.1
51280,53,TestF53-30,BrF52-45,M,W,6/6/2013,11,8/27/2013,Aug,82,30.3
51281,53,TestF53-31,BrF52-52,F,B,6/5/2013,11,8/27/2013,Aug,76,25.1
51283,53,TestF53-31,BrF52-53,F,A,6/6/2013,11,8/27/2013,Aug,75,20.9
51284,53,TestF53-32,BrF52-52,M,B,6/5/2013,11,8/27/2013,Aug,76,25.7
51288,53,TestF53-32,BrF52-53,M,A,6/6/2013,11,8/27/2013,Aug,75,30.1
51289,53,TestF53-31,BrF52-61,F,A,6/6/2013,11,8/27/2013,Aug,75,23.4
51291,53,TestF53-27,BrF52-54,F,B,6/7/2013,11,8/26/2013,Aug,81,24.6
51294,53,TestF53-32,BrF52-61,M,W,6/6/2013,11,8/27/2013,Aug,75,25
51295,53,TestF53-27,BrF52-65,F,B,6/6/2013,11,8/26/2013,Aug,82,17.8
51297,53,TestF53-33,BrF52-44,F,W,6/10/2013,11,8/27/2013,Aug,71,23.3
51302,53,TestF53-32,BrF52-54,M,A,6/7/2013,11,8/27/2013,Aug,74,29.4
51303,53,TestF53-33,BrF52-51,F,W,6/14/2013,11,8/27/2013,Aug,67,18.8
51304,53,TestF53-34,BrF52-65,M,B,6/6/2013,11,8/27/2013,Aug,75,30.1
51307,53,TestF53-33,BrF52-50,F,B,7/8/2013,11,8/27/2013,Aug,74,17.2
51308,53,TestF53-34,BrF52-44,M,W,6/10/2013,11,8/27/2013,Aug,71,28.3
51309,53,TestF53-34,BrF52-51,M,W,6/14/2013,11,8/27/2013,Aug,67,25.4
51313,53,TestF53-35,BrF52-57,F,B,6/24/2013,12,10/7/2013,Oct,105,25.1
51319,53,TestF53-35,BrF52-46,F,W,6/24/2013,12,10/7/2013,Oct,105,27.3
51324,53,TestF53-36,BrF52-70,M,A,7/14/2013,12,10/7/2013,Oct,85,34.3
51327,53,TestF53-37,BrF52-70,F,A,7/14/2013,12,10/7/2013,Oct,85,30.2
51328,53,TestF53-36,BrF52-71,M,B,7/16/2013,12,10/7/2013,Oct,83,32
51329,53,TestF53-37,BrF52-71,F,A,7/16/2013,12,10/7/2013,Oct,83,25
51334,53,TestF53-36,BrF52-67,M,W,7/17/2013,12,10/7/2013,Oct,82,32.4
51335,53,TestF53-37,BrF52-67,F,W,7/17/2013,12,10/7/2013,Oct,82,24.7
51338,53,TestF53-36,BrF52-68,M,B,7/17/2013,12,10/7/2013,Oct,82,31.1
51339,53,TestF53-37,BrF52-68,F,B,7/17/2013,12,10/7/2013,Oct,82,26
51342,53,TestF53-38,BrF52-75,M,A,7/17/2013,12,10/7/2013,Oct,82,25.2
51345,53,TestF53-39,BrF52-75,F,A,7/17/2013,12,10/7/2013,Oct,82,20.5
51346,53,TestF53-38,BrF52-76,M,W,7/17/2013,12,10/7/2013,Oct,82,40.5
51349,53,TestF53-39,BrF52-76,F,W,7/17/2013,12,10/7/2013,Oct,82,27.4
51350,53,TestF53-38,BrF52-78,M,B,7/16/2013,12,10/7/2013,Oct,83,30.7
51351,53,TestF53-39,BrF52-78,F,A,7/16/2013,12,10/7/2013,Oct,83,23
51355,53,TestF53-39,BrF52-80,F,W,7/17/2013,12,10/7/2013,Oct,82,22.2
51356,53,TestF53-38,BrF52-80,M,W,7/17/2013,12,10/7/2013,Oct,82,28.6
51359,53,TestF53-41,BrF52-79,F,B,7/17/2013,12,10/7/2013,Oct,82,21.6
51360,53,TestF53-40,BrF52-79,M,A,7/17/2013,12,10/7/2013,Oct,82,33.4
51361,53,TestF53-41,BrF52-81,F,W,7/17/2013,12,10/7/2013,Oct,82,21.3
51364,53,TestF53-40,BrF52-81,M,W,7/17/2013,12,10/7/2013,Oct,82,31.4
51367,53,TestF53-41,BrF52-82,F,A,7/17/2013,12,10/7/2013,Oct,82,23.5
51368,53,TestF53-40,BrF52-82,M,B,7/17/2013,12,10/7/2013,Oct,82,36.5
51371,53,TestF53-41,BrF52-83,F,B,7/16/2013,12,10/7/2013,Oct,83,22.6
51372,53,TestF53-40,BrF52-83,M,B,7/16/2013,12,10/7/2013,Oct,83,31.3
51375,53,TestF53-43,BrF52-84,F,B,7/17/2013,12,10/8/2013,Oct,83,23.9
51376,53,TestF53-42,BrF52-84,M,W,7/17/2013,12,10/8/2013,Oct,83,26.8
51377,53,TestF53-43,BrF52-89,F,B,7/17/2013,12,10/8/2013,Oct,83,27.8
51380,53,TestF53-42,BrF52-89,M,B,7/17/2013,12,10/8/2013,Oct,83,32.6
51383,53,TestF53-43,BrF52-85,F,A,NA,12,10/8/2013,Oct,NA,19.8
51384,53,TestF53-42,BrF52-85,M,A,NA,12,10/8/2013,Oct,NA,33.5
51387,53,TestF53-43,BrF52-95,F,W,7/18/2013,12,10/8/2013,Oct,82,21.4
51388,53,TestF53-42,BrF52-95,M,W,7/18/2013,12,10/8/2013,Oct,82,25.2
51392,53,TestF53-44,BrF52-88,M,B,7/18/2013,12,10/8/2013,Oct,82,32
51395,53,TestF53-45,BrF52-88,F,W,7/18/2013,12,10/8/2013,Oct,82,20.6
51396,53,TestF53-44,BrF52-91,M,W,7/19/2013,12,10/8/2013,Oct,81,35.2
51399,53,TestF53-45,BrF52-91,F,W,7/19/2013,12,10/8/2013,Oct,81,24.5
51400,53,TestF53-44,BrF52-87,M,B,7/19/2013,12,10/8/2013,Oct,81,37.1
51420,53,TestF53-46,BrF52-94,M,A,7/20/2013,13,10/25/2013,Oct,97,25.4
51454,53,TestF53-44,BrF52-93,M,B,NA,12,10/8/2013,Oct,NA,41.8
51455,53,TestF53-45,BrF52-87,F,B,7/19/2013,12,10/8/2013,Oct,81,29.7
51461,53,TestF53-47,BrF52-94,F,A,7/20/2013,13,10/25/2013,Oct,97,24.3
51463,53,TestF53-45,BrF52-93,F,B,NA,13,10/25/2013,Oct,NA,31.4
51602,53,TestF53-46,BrF52-90,M,B,7/30/2013,13,10/25/2013,Oct,87,22.4
51603,53,TestF53-47,BrF52-90,F,B,7/30/2013,13,10/25/2013,Oct,87,17.5
51604,53,TestF53-48,BrF52-86,M,B,8/4/2013,13,10/25/2013,Oct,82,23.3
51607,53,TestF53-49,BrF52-86,F,W,8/4/2013,13,10/25/2013,Oct,82,23.2
51608,53,TestF53-48,BrF52-112,M,W,8/6/2013,13,10/25/2013,Oct,80,28.5
51609,53,TestF53-49,BrF52-112,F,W,8/6/2013,13,10/25/2013,Oct,80,19.5
51613,53,TestF53-49,BrF52-108,F,A,8/6/2013,13,10/25/2013,Oct,80,19.6
51614,53,TestF53-48,BrF52-108,M,W,8/6/2013,13,10/25/2013,Oct,80,28.4
51616,53,TestF53-49,BrF52-104,F,B,8/6/2013,13,10/25/2013,Oct,80,31
51618,53,TestF53-48,BrF52-104,M,B,8/6/2013,13,10/25/2013,Oct,80,33.5
51621,53,TestF53-51,BrF52-105,F,W,8/6/2013,13,10/25/2013,Oct,80,19.7
51624,53,TestF53-50,BrF52-105,M,W,8/6/2013,13,10/25/2013,Oct,80,26
51627,53,TestF53-51,BrF52-107,F,B,8/7/2013,13,10/25/2013,Oct,79,24.6
51628,53,TestF53-50,BrF52-107,M,B,8/7/2013,13,10/25/2013,Oct,79,29.9
51631,53,TestF53-51,BrF52-100,F,B,8/7/2013,13,10/25/2013,Oct,79,19.8
51634,53,TestF53-50,BrF52-100,M,B,8/7/2013,13,10/25/2013,Oct,79,27.9
51641,53,TestF53-53,BrF52-111,F,A,8/8/2013,13,10/25/2013,Oct,78,20.4
51642,53,TestF53-52,BrF52-111,M,A,8/8/2013,13,10/25/2013,Oct,78,28.7
51644,53,TestF53-52,BrF52-106,M,W,8/9/2013,13,10/25/2013,Oct,77,34.4
51645,53,TestF53-53,BrF52-106,F,W,8/9/2013,13,10/25/2013,Oct,77,23.7
51648,53,TestF53-52,BrF52-101,M,B,8/9/2013,13,10/25/2013,Oct,77,32.8
51651,53,TestF53-53,BrF52-101,F,W,8/9/2013,13,10/25/2013,Oct,77,27
51654,53,TestF53-52,BrF52-98,M,A,8/12/2013,13,10/25/2013,Oct,74,29.2
51656,53,TestF53-46,BrF52-74,M,B,8/18/2013,13,10/25/2013,Oct,68,36.2
51657,53,TestF53-53,BrF52-98,F,B,8/12/2013,13,10/25/2013,Oct,74,21.5
51660,54,TestF54-02,BrF53-22,M,B,9/2/2013,14,11/28/2013,Nov,85,29.4
51661,53,TestF53-47,BrF52-74,F,B,8/18/2013,13,10/25/2013,Oct,68,22.9
51662,54,TestF54-02,BrF53-27,M,B,9/2/2013,14,11/28/2013,Nov,85,33
51665,54,TestF54-01,BrF53-27,F,B,9/2/2013,14,11/26/2013,Nov,85,28.9
51666,54,TestF54-02,BrF53-04,M,A,9/3/2013,14,11/28/2013,Nov,84,29
51669,54,TestF54-01,BrF53-22,F,B,9/2/2013,14,11/26/2013,Nov,85,21.9
51672,54,TestF54-04,BrF53-01,M,A,9/5/2013,14,11/28/2013,Nov,82,45.5
51673,54,TestF54-01,BrF53-04,F,A,9/3/2013,14,11/26/2013,Nov,84,23.7
51676,54,TestF54-04,BrF53-05,M,B,9/4/2013,14,11/28/2013,Nov,83,29.1
51681,54,TestF54-03,BrF53-01,F,A,9/5/2013,14,11/26/2013,Nov,82,39.1
51682,54,TestF54-04,BrF53-06,M,W,9/4/2013,14,11/28/2013,Nov,83,34.6
51683,54,TestF54-03,BrF53-05,F,W,9/4/2013,14,11/26/2013,Nov,83,25.1
51686,54,TestF54-04,BrF53-08,M,A,9/5/2013,14,11/28/2013,Nov,82,25.3
51689,54,TestF54-03,BrF53-06,F,B,9/4/2013,14,11/26/2013,Nov,83,21.6
51690,54,TestF54-06,BrF53-09,M,A,9/5/2013,14,11/28/2013,Nov,82,26.5
51693,54,TestF54-03,BrF53-08,F,B,9/5/2013,14,11/26/2013,Nov,82,20.3
51694,54,TestF54-06,BrF53-11,M,A,9/5/2013,14,11/28/2013,Nov,82,37.9
51695,54,TestF54-05,BrF53-09,F,A,9/5/2013,14,11/26/2013,Nov,82,18.5
51698,54,TestF54-06,BrF53-15,M,W,9/5/2013,14,11/28/2013,Nov,82,26.6
51699,54,TestF54-05,BrF53-11,F,B,9/5/2013,14,11/26/2013,Nov,82,20.8
51700,54,TestF54-08,BrF53-14,M,A,9/5/2013,14,11/28/2013,Nov,82,36.4
51705,54,TestF54-05,BrF53-14,F,A,9/5/2013,14,11/26/2013,Nov,82,25.7
51706,54,TestF54-06,BrF53-16,M,W,9/4/2013,14,11/28/2013,Nov,83,31.7
51709,54,TestF54-05,BrF53-15,F,W,9/5/2013,14,11/26/2013,Nov,82,20
51710,54,TestF54-08,BrF53-17,M,A,9/4/2013,14,11/28/2013,Nov,83,33.2
51713,54,TestF54-07,BrF53-16,F,B,9/4/2013,14,11/26/2013,Nov,83,23
51714,54,TestF54-08,BrF53-19,M,B,9/3/2013,14,11/28/2013,Nov,84,31.1
51717,54,TestF54-07,BrF53-17,F,A,9/3/2013,14,11/26/2013,Nov,83,21.8
51718,54,TestF54-08,BrF53-24,M,W,9/5/2013,14,11/28/2013,Nov,82,25.7
51722,54,TestF54-10,BrF53-23,M,B,9/5/2013,14,11/28/2013,Nov,82,31.1
51723,54,TestF54-07,BrF53-19,F,W,9/5/2013,14,11/26/2013,Nov,84,18.6
51727,54,TestF54-07,BrF53-24,F,B,9/4/2013,14,11/26/2013,Nov,82,20.9
51728,54,TestF54-10,BrF53-30,M,A,9/4/2013,14,11/28/2013,Nov,83,34.4
51731,54,TestF54-09,BrF53-23,F,B,9/5/2013,14,11/26/2013,Nov,82,21
51734,54,TestF54-10,BrF53-31,M,W,9/5/2013,14,11/28/2013,Nov,82,30
51737,54,TestF54-09,BrF53-31,F,W,9/5/2013,14,11/26/2013,Nov,82,23.7
51738,54,TestF54-10,BrF53-32,M,B,9/5/2013,14,11/28/2013,Nov,82,30.1
51739,54,TestF54-09,BrF53-30,F,A,9/4/2013,14,11/26/2013,Nov,83,21.4
51742,54,TestF54-12,BrF53-21,M,W,9/5/2013,14,11/28/2013,Nov,82,33.4
51745,54,TestF54-09,BrF53-32,F,B,9/5/2013,14,11/26/2013,Nov,82,18.7
51746,54,TestF54-12,BrF53-20,M,B,9/5/2013,14,11/28/2013,Nov,82,32.5
51747,54,TestF54-11,BrF53-21,F,W,9/5/2013,14,11/26/2013,Nov,82,25.4
51748,54,TestF54-12,BrF53-29,M,A,9/6/2013,14,11/28/2013,Nov,81,27.1
51752,54,TestF54-12,BrF53-28,M,A,9/6/2013,14,11/28/2013,Nov,81,42.1
51753,54,TestF54-11,BrF53-20,F,A,9/5/2013,14,11/26/2013,Nov,82,28.4
51756,54,TestF54-14,BrF53-02,M,B,9/6/2013,14,11/28/2013,Nov,81,30.8
51759,54,TestF54-11,BrF53-29,F,B,9/6/2013,14,11/26/2013,Nov,81,21.1
51760,54,TestF54-14,BrF53-03,M,W,9/6/2013,14,11/28/2013,Nov,81,28.7
51764,54,TestF54-14,BrF53-12,M,A,9/6/2013,14,11/28/2013,Nov,81,35.7
51765,54,TestF54-11,BrF53-28,F,A,9/6/2013,14,11/26/2013,Nov,81,20.6
51767,54,TestF54-13,BrF53-02,F,W,9/6/2013,14,11/26/2013,Nov,81,22.4
51770,54,TestF54-14,BrF53-18,M,B,9/6/2013,14,11/28/2013,Nov,81,30.9
51771,54,TestF54-13,BrF53-03,F,B,9/6/2013,14,11/26/2013,Nov,81,25.3
51774,54,TestF54-16,BrF53-26,M,W,9/6/2013,14,11/28/2013,Nov,81,31.5
51775,54,TestF54-13,BrF53-12,F,A,9/6/2013,14,11/26/2013,Nov,81,23.1
51778,54,TestF54-16,BrF53-07,M,B,9/6/2013,14,11/28/2013,Nov,81,30.1
51779,54,TestF54-13,BrF53-18,F,W,9/6/2013,14,11/26/2013,Nov,81,25.2
51782,54,TestF54-16,BrF53-33,M,W,9/8/2013,14,11/28/2013,Nov,79,33.1
51785,54,TestF54-15,BrF53-26,F,W,9/6/2013,14,11/26/2013,Nov,81,24.9
51791,54,TestF54-15,BrF53-07,F,B,9/6/2013,14,11/26/2013,Nov,81,25.1
51794,54,TestF54-18,BrF53-13,M,A,9/13/2013,14,11/28/2013,Nov,74,22.9
51795,54,TestF54-15,BrF53-33,F,W,9/8/2013,14,11/26/2013,Nov,79,23.3
51801,54,TestF54-17,BrF53-13,F,A,9/13/2013,14,11/26/2013,Nov,74,21.2
51804,54,TestF54-18,BrF53-25,M,B,9/23/2013,14,11/28/2013,Nov,64,27.9
51810,54,TestF54-20,BrF53-55,M,B,10/20/2013,15,1/10/2014,Jan,81,29.9
51811,54,TestF54-17,BrF53-25,F,B,9/23/2013,14,11/26/2013,Nov,64,20.7
51812,54,TestF54-20,BrF53-63,M,A,10/21/2013,15,1/10/2014,Jan,80,35.5
51813,54,TestF54-19,BrF53-55,F,B,10/20/2013,15,1/10/2014,Jan,81,27
51815,54,TestF54-19,BrF53-63,F,A,10/21/2013,15,1/10/2014,Jan,80,25.9
51816,54,TestF54-20,BrF53-53,M,B,10/22/2013,15,1/10/2014,Jan,79,29.7
51819,54,TestF54-19,BrF53-53,F,B,10/22/2013,15,1/10/2014,Jan,79,19.8
51820,54,TestF54-20,BrF53-57,M,A,10/22/2013,15,1/10/2014,Jan,79,29.6
51823,54,TestF54-19,BrF53-57,F,A,10/22/2013,15,1/10/2014,Jan,79,24.9
51828,54,TestF54-22,BrF53-62,M,A,10/22/2013,15,1/10/2014,Jan,79,26.9
51829,54,TestF54-21,BrF53-62,F,W,10/22/2013,15,1/10/2014,Jan,79,20.6
51831,54,TestF54-21,BrF53-60,F,B,10/22/2013,15,1/10/2014,Jan,79,24.7
51832,54,TestF54-22,BrF53-60,M,B,10/22/2013,15,1/10/2014,Jan,79,31.1
51833,54,TestF54-21,BrF53-39,F,A,10/22/2013,15,1/10/2014,Jan,79,NA
51836,54,TestF54-22,BrF53-39,M,A,10/22/2013,15,1/10/2014,Jan,79,35.1
51839,54,TestF54-21,BrF53-54,F,W,10/23/2013,15,1/10/2014,Jan,78,21.3
51840,54,TestF54-22,BrF53-54,M,W,10/23/2013,15,1/10/2014,Jan,78,26.7
51842,54,TestF54-24,BrF53-52,M,W,10/23/2013,15,1/10/2014,Jan,78,28
51845,54,TestF54-23,BrF53-52,F,W,10/23/2013,15,1/10/2014,Jan,78,21.9
51847,54,TestF54-23,BrF53-58,F,B,10/22/2013,15,1/10/2014,Jan,79,19.4
51850,54,TestF54-24,BrF53-58,M,B,10/22/2013,15,1/10/2014,Jan,79,31.1
51853,54,TestF54-23,BrF53-43,F,A,10/23/2013,15,1/10/2014,Jan,78,22.7
51854,54,TestF54-24,BrF53-43,M,A,10/23/2013,15,1/10/2014,Jan,78,31.9
51857,54,TestF54-23,BrF53-48,F,B,10/23/2013,15,1/10/2014,Jan,78,23.1
51858,54,TestF54-24,BrF53-48,M,B,10/23/2013,15,1/10/2014,Jan,78,31.1
51863,54,TestF54-25,BrF53-38,F,W,10/23/2013,15,1/10/2014,Jan,78,27.2
51866,54,TestF54-26,BrF53-38,M,A,10/23/2013,15,1/10/2014,Jan,78,NA
51867,54,TestF54-25,BrF53-45,F,B,10/23/2013,15,1/10/2014,Jan,78,22.9
51870,54,TestF54-26,BrF53-45,M,B,10/23/2013,15,1/10/2014,Jan,78,30.5
51871,54,TestF54-25,BrF53-49,F,A,10/24/2013,15,1/10/2014,Jan,77,23.9
51875,54,TestF54-25,BrF53-44,F,B,10/25/2013,15,1/10/2014,Jan,76,27
51876,54,TestF54-26,BrF53-49,M,W,10/24/2013,15,1/10/2014,Jan,77,42
51877,54,TestF54-27,BrF53-36,F,B,10/25/2013,16,2/10/2014,Feb,108,28.7
51878,54,TestF54-26,BrF53-44,M,A,10/25/2013,15,1/10/2014,Jan,76,36
51881,54,TestF54-27,BrF53-41,F,B,10/25/2013,16,2/10/2014,Feb,108,36.1
51882,54,TestF54-28,BrF53-36,M,B,10/25/2013,16,2/10/2014,Feb,108,38.9
51883,54,TestF54-27,BrF53-35,F,W,10/26/2013,16,2/10/2014,Feb,107,25.5
51886,54,TestF54-28,BrF53-46,M,A,10/25/2013,16,2/10/2014,Feb,108,42
51890,54,TestF54-28,BrF53-35,M,W,10/26/2013,16,2/10/2014,Feb,107,31.8
51891,54,TestF54-29,BrF53-34,F,W,11/1/2013,16,2/10/2014,Feb,101,27.7
51892,54,TestF54-30,BrF53-34,M,W,11/1/2013,16,2/10/2014,Feb,101,37.5
51896,54,TestF54-30,BrF53-42,M,A,11/3/2013,16,2/10/2014,Feb,99,42.8
51897,54,TestF54-29,BrF53-42,F,B,11/3/2013,16,2/10/2014,Feb,99,26.8
51901,54,TestF54-29,BrF53-51,F,A,11/5/2013,16,2/10/2014,Feb,97,24
51902,54,TestF54-30,BrF53-51,M,A,11/5/2013,16,2/10/2014,Feb,97,35.2
51905,54,TestF54-31,BrF53-40,F,W,11/7/2013,16,2/10/2014,Feb,96,26.7
51906,54,TestF54-32,BrF53-40,M,W,11/7/2013,16,2/10/2014,Feb,96,30.2
51910,54,TestF54-32,BrF53-56,M,W,11/7/2013,16,2/10/2014,Feb,96,33
51911,54,TestF54-31,BrF53-56,F,W,11/7/2013,16,2/10/2014,Feb,96,25.7
51913,54,TestF54-31,BrF53-61,F,B,11/11/2013,16,2/10/2014,Feb,92,25.9
51914,54,TestF54-32,BrF53-61,M,B,11/11/2013,16,2/10/2014,Feb,92,39
51916,54,TestF54-34,BrF53-59,M,W,11/18/2013,16,2/10/2014,Feb,84,26.7
51920,54,TestF54-34,BrF53-74,M,B,11/20/2013,16,2/10/2014,Feb,82,30.7
51923,54,TestF54-33,BrF53-59,F,W,11/18/2013,16,2/10/2014,Feb,84,19.2
51924,54,TestF54-34,BrF53-66,M,A,11/19/2013,16,2/10/2014,Feb,83,30.3
51927,54,TestF54-33,BrF53-74,F,B,11/20/2013,16,2/10/2014,Feb,82,25.5
51930,54,TestF54-34,BrF53-95,M,B,11/19/2013,16,2/10/2014,Feb,83,38.4
51933,54,TestF54-33,BrF53-66,F,A,11/19/2013,16,2/10/2014,Feb,83,25.3
51935,54,TestF54-33,BrF53-95,F,B,11/19/2013,16,2/10/2014,Feb,83,26.2
51936,54,TestF54-36,BrF53-65,M,A,11/21/2013,16,2/10/2014,Feb,81,30.7
51940,54,TestF54-36,BrF53-68,M,B,11/20/2013,16,2/10/2014,Feb,82,30.5
51941,54,TestF54-35,BrF53-65,F,W,11/21/2013,16,2/10/2014,Feb,81,23.5
51944,54,TestF54-36,BrF53-72,M,A,11/20/2013,16,2/10/2014,Feb,82,35
51947,54,TestF54-35,BrF53-68,F,B,11/20/2013,16,2/10/2014,Feb,82,24.2
51949,54,TestF54-35,BrF53-72,F,A,11/20/2013,16,2/10/2014,Feb,82,20.2
51950,54,TestF54-36,BrF53-75,M,B,11/21/2013,16,2/10/2014,Feb,81,28.8
51953,54,TestF54-35,BrF53-75,F,B,11/21/2013,16,2/10/2014,Feb,81,23.1
51956,54,TestF54-38,BrF53-78,M,A,11/20/2013,16,2/11/2014,Feb,83,35
51959,54,TestF54-37,BrF53-78,F,A,11/20/2013,16,2/10/2014,Feb,82,19.6
51961,54,TestF54-37,BrF53-79,F,A,11/20/2013,16,2/10/2014,Feb,82,24.1
51962,54,TestF54-38,BrF53-79,M,A,11/20/2013,16,2/11/2014,Feb,83,32.4
51965,54,TestF54-37,BrF53-81,F,W,11/20/2013,16,2/10/2014,Feb,82,20.1
51966,54,TestF54-38,BrF53-81,M,W,11/20/2013,16,2/11/2014,Feb,83,31.8
51971,54,TestF54-37,BrF53-82,F,B,11/20/2013,16,2/10/2014,Feb,82,32.2
51972,54,TestF54-38,BrF53-82,M,B,11/20/2013,16,2/11/2014,Feb,83,35.9
51976,54,TestF54-40,BrF53-83,M,B,11/20/2013,16,2/11/2014,Feb,83,27.5
51979,54,TestF54-39,BrF53-83,F,W,11/20/2013,16,2/11/2014,Feb,83,19.4
51980,54,TestF54-40,BrF53-86,M,W,11/21/2013,16,2/11/2014,Feb,82,27.7
51981,54,TestF54-39,BrF53-86,F,A,11/21/2013,16,2/11/2014,Feb,82,20.4
51982,54,TestF54-40,BrF53-92,M,W,11/20/2013,16,2/11/2014,Feb,83,30
51984,54,TestF54-40,BrF53-93,M,A,11/22/2013,16,2/11/2014,Feb,81,35.5
51987,54,TestF54-39,BrF53-93,F,B,11/22/2013,16,2/11/2014,Feb,81,30.4
51991,54,TestF54-41,BrF53-64,F,B,11/22/2013,16,2/11/2014,Feb,81,23
51992,54,TestF54-42,BrF53-64,M,B,11/22/2013,16,2/11/2014,Feb,81,28.1
51993,54,TestF54-41,BrF53-84,F,W,11/22/2013,16,2/11/2014,Feb,81,25.5
51994,54,TestF54-42,BrF53-84,M,W,11/22/2013,16,2/11/2014,Feb,81,30.3
51997,54,TestF54-41,BrF53-37,F,A,11/21/2013,16,2/11/2014,Feb,82,29.7
51998,54,TestF54-42,BrF53-76,M,W,11/23/2013,16,2/11/2014,Feb,80,27.5
52000,54,TestF54-42,BrF53-94,M,A,11/24/2013,16,2/11/2014,Feb,79,27.7
52003,54,TestF54-41,BrF53-76,F,B,11/23/2013,16,2/11/2014,Feb,80,27.2
52004,54,TestF54-44,BrF53-90,M,A,11/24/2013,16,2/11/2014,Feb,79,45
52009,54,TestF54-43,BrF53-94,F,A,11/24/2013,16,2/11/2014,Feb,79,20.8
52011,54,TestF54-43,BrF53-90,F,W,11/24/2013,16,2/11/2014,Feb,79,29.2
52012,54,TestF54-44,BrF53-85,M,B,11/24/2013,16,2/11/2014,Feb,79,29
52014,54,TestF54-44,BrF53-71,M,B,11/24/2013,16,2/11/2014,Feb,79,35.8
52015,54,TestF54-43,BrF53-85,F,A,11/24/2013,16,2/11/2014,Feb,79,18.5
52018,54,TestF54-44,BrF53-41,M,A,11/25/2013,16,2/11/2014,Feb,78,37.7
52019,54,TestF54-43,BrF53-71,F,B,11/24/2013,16,2/11/2014,Feb,79,27.6
52022,54,TestF54-46,BrF53-69,M,A,11/25/2013,16,2/11/2014,Feb,78,37.3
52026,54,TestF54-46,BrF53-73,M,B,11/25/2013,16,2/11/2014,Feb,78,37.1
52027,54,TestF54-45,BrF53-69,F,W,11/25/2013,16,2/11/2014,Feb,78,29.8
52030,54,TestF54-46,BrF53-87,M,B,11/25/2013,16,2/11/2014,Feb,78,32.9
52031,54,TestF54-45,BrF53-73,F,W,11/25/2013,16,2/11/2014,Feb,78,31.2
52035,54,TestF54-45,BrF53-87,F,B,11/25/2013,16,2/11/2014,Feb,78,19.2
52036,54,TestF54-48,BrF53-70,M,A,11/29/2013,17,3/31/2014,Mar,95,40.9
52040,54,TestF54-48,BrF53-88,M,W,11/29/2013,17,3/31/2014,Mar,84,43.7
52041,54,TestF54-47,BrF53-70,F,A,11/29/2013,17,3/31/2014,Mar,95,22.2
52044,54,TestF54-48,BrF53-91,M,B,11/29/2013,17,3/31/2014,Mar,84,48.6
52045,54,TestF54-47,BrF53-88,F,W,11/29/2013,17,3/31/2014,Mar,84,26
52048,54,TestF54-52,BrF53-96,M,A,1/7/2014,17,3/31/2014,Mar,83,29.3
52049,54,TestF54-47,BrF53-91,F,B,11/29/2013,17,3/31/2014,Mar,84,42.1
52053,54,TestF54-49,BrF53-67,F,W,11/22/2013,17,3/31/2014,Mar,84,24.1
52055,54,TestF54-49,BrF53-80,F,B,12/22/2013,17,3/31/2014,Mar,84,21.1
52058,54,TestF54-52,BrF53-100,M,W,1/7/2014,17,3/31/2014,Mar,82,30.4
52059,54,TestF54-51,BrF53-96,F,A,1/7/2014,17,3/31/2014,Mar,84,23.1
52062,54,TestF54-52,BrF53-103,M,W,1/7/2014,17,3/31/2014,Mar,82,35.4
52063,54,TestF54-51,BrF53-100,F,W,1/7/2014,17,3/31/2014,Mar,83,23.9
52066,54,TestF54-52,BrF53-104,M,B,1/7/2014,17,3/31/2014,Mar,82,37.1
52067,54,TestF54-51,BrF53-103,F,W,1/7/2014,17,3/31/2014,Mar,82,25.6
52071,54,TestF54-53,BrF53-104,F,W,1/7/2014,17,3/31/2014,Mar,82,22.1
52072,54,TestF54-54,BrF53-111,M,W,1/7/2014,17,3/31/2014,Mar,82,28.3
52073,54,TestF54-51,BrF53-111,F,B,1/7/2014,17,3/31/2014,Mar,84,17.4
52076,55,TestF55-10,BrF54-35,M,A,2/10/2014,18,5/5/2014,May,84,36.7
52077,55,TestF55-11,BrF54-29,F,W,2/10/2014,18,5/5/2014,May,84,25.9
52079,55,TestF55-11,BrF54-36,F,W,2/10/2014,18,5/5/2014,May,84,20.9
52081,55,TestF55-11,BrF54-38,F,A,2/11/2014,18,5/5/2014,May,83,16.9
52083,55,TestF55-11,BrF54-20,F,B,2/12/2014,18,5/5/2014,May,82,21.5
52088,55,TestF55-12,BrF54-36,M,W,2/10/2014,18,5/5/2014,May,84,32
52092,55,TestF55-12,BrF54-38,M,A,2/11/2014,18,5/5/2014,May,83,30.4
52093,55,TestF55-13,BrF54-19,F,B,2/12/2014,18,5/5/2014,May,82,24.4
52096,55,TestF55-12,BrF54-20,M,B,2/12/2014,18,5/5/2014,May,82,34
52099,55,TestF55-13,BrF54-21,F,B,2/12/2014,18,5/5/2014,May,82,19.2
52100,55,TestF55-10,BrF54-17,M,W,1/30/2014,18,5/5/2014,May,NA,NA
52101,54,TestF54-53,BrF53-106,F,B,1/8/2014,17,3/31/2014,Mar,82,26.3
52102,54,TestF54-54,BrF53-106,M,B,1/8/2014,17,3/31/2014,Mar,82,34.3
52103,54,TestF54-53,BrF53-107,F,B,1/8/2014,17,3/31/2014,Mar,82,20.8
52107,55,TestF55-01,BrF54-3,F,W,1/8/2014,17,4/1/2014,Apr,83,26
52108,55,TestF55-02,BrF54-3,M,B,1/8/2014,17,4/1/2014,Apr,83,36
52109,55,TestF55-01,BrF54-5,F,A,1/8/2014,17,4/1/2014,Apr,83,26.1
52112,55,TestF55-02,BrF54-5,M,A,1/8/2014,17,4/1/2014,Apr,83,41.7
52115,55,TestF55-01,BrF54-6,F,A,1/6/2014,17,4/1/2014,Apr,83,24.7
52116,55,TestF55-02,BrF54-6,M,W,1/6/2014,17,4/1/2014,Apr,83,35.5
52117,55,TestF55-01,BrF54-7,F,B,1/8/2014,17,4/1/2014,Apr,83,22.7
52120,55,TestF55-02,BrF54-7,M,A,1/8/2014,17,4/1/2014,Apr,83,30.9
52123,55,TestF55-03,BrF54-15,F,A,1/9/2014,17,4/1/2014,Apr,83,25.5
52124,55,TestF55-04,BrF54-15,M,A,1/9/2014,17,4/1/2014,Apr,82,36.5
52127,55,TestF55-03,BrF54-14,F,A,1/7/2014,17,4/1/2014,Apr,82,27.7
52131,55,TestF55-03,BrF54-10,F,A,1/7/2014,17,4/1/2014,Apr,82,23.4
52132,55,TestF55-04,BrF54-14,M,W,1/7/2014,17,4/1/2014,Apr,82,33
52136,55,TestF55-04,BrF54-10,M,A,1/7/2014,17,4/1/2014,Apr,82,25
52138,54,TestF54-54,BrF53-107,M,B,1/8/2014,17,3/31/2014,Mar,82,46.1
52139,54,TestF54-53,BrF53-105,F,A,1/9/2014,17,3/31/2014,Mar,82,27.5
52144,54,TestF54-54,BrF53-105,M,W,1/9/2014,17,3/31/2014,Mar,82,21.2
52145,54,TestF54-55,BrF53-101,F,B,1/9/2014,17,3/31/2014,Mar,82,21.2
52149,54,TestF54-55,BrF53-102,F,W,1/10/2014,17,3/31/2014,Mar,82,23.5
52150,54,TestF54-56,BrF53-101,M,A,1/9/2014,17,4/1/2014,Apr,82,24.5
52152,54,TestF54-56,BrF53-102,M,W,1/10/2014,17,4/1/2014,Apr,82,35.9
52153,55,TestF55-03,BrF54-02,F,B,1/6/2014,17,4/1/2014,Apr,83,20.2
52156,55,TestF55-04,BrF54-02,M,B,1/6/2014,17,4/1/2014,Apr,82,30
52159,55,TestF55-05,BrF54-08,F,W,1/10/2014,17,4/1/2014,Apr,82,21.2
52161,55,TestF55-05,BrF54-09,F,B,1/9/2014,17,4/1/2014,Apr,82,25.3
52162,55,TestF55-06,BrF54-08,M,W,1/10/2014,17,4/1/2014,Apr,82,30.1
52164,55,TestF55-06,BrF54-09,M,B,1/9/2014,17,4/1/2014,Apr,82,24.6
52165,55,TestF55-05,BrF54-11,F,W,1/9/2014,17,4/1/2014,Apr,82,25.7
52168,55,TestF55-06,BrF54-11,M,B,1/9/2014,17,4/1/2014,Apr,82,31.3
52169,55,TestF55-05,BrF54-01,F,A,1/9/2014,17,4/1/2014,Apr,82,21.2
52173,55,TestF55-07,BrF54-13,F,A,1/14/2014,17,4/1/2014,Apr,78,28
52174,55,TestF55-06,BrF54-01,M,A,1/9/2014,17,4/1/2014,Apr,82,34.1
52175,54,TestF54-55,BrF53-109,F,W,1/11/2014,17,3/31/2014,Mar,82,26.4
52177,54,TestF54-55,BrF53-113,F,A,1/13/2014,17,3/31/2014,Mar,82,22.9
52178,54,TestF54-56,BrF53-109,M,W,1/11/2014,17,4/1/2014,Apr,82,33.6
52180,54,TestF54-56,BrF53-113,M,B,1/13/2014,17,4/1/2014,Apr,83,27
52182,55,TestF55-10,BrF54-29,M,W,2/10/2014,18,5/5/2014,May,84,38.2
52185,54,TestF55-07,BrF53-99,F,B,1/14/2014,17,4/1/2014,Apr,81,19.9
52186,54,TestF55-08,BrF53-99,M,B,1/14/2014,17,4/1/2014,Apr,81,30.7
52191,55,TestF55-09,BrF54-04,F,W,1/30/2014,18,5/5/2014,May,95,20.4
52192,55,TestF55-08,BrF54-13,M,B,1/14/2014,17,4/1/2014,Apr,78,29.5
52193,55,TestF55-09,BrF54-17,F,W,2/10/2014,18,5/5/2014,May,84,22.5
52197,55,TestF55-09,BrF54-35,F,A,2/10/2014,18,5/5/2014,May,84,23.8
52198,55,TestF55-10,BrF54-04,M,B,2/10/2014,18,5/5/2014,May,95,31.5
54100,55,TestF55-12,BrF54-19,M,B,2/12/2014,18,5/5/2014,May,82,42.2
54104,55,TestF55-14,BrF54-21,M,B,2/12/2014,18,5/5/2014,May,82,23.5
54105,55,TestF55-13,BrF54-23,F,W,2/12/2014,18,5/5/2014,May,82,22.6
54106,55,TestF55-14,BrF54-23,M,W,2/12/2014,18,5/5/2014,May,82,28.6
54109,55,TestF55-13,BrF54-22,F,B,2/12/2014,18,5/5/2014,May,82,23.7
54113,55,TestF55-15,BrF54-25,F,W,2/12/2014,18,5/5/2014,May,82,20.9
54114,55,TestF55-14,BrF54-22,M,B,2/12/2014,18,5/5/2014,May,82,37.2
54116,55,TestF55-14,BrF54-25,M,W,2/12/2014,18,5/5/2014,May,82,27.2
54117,55,TestF55-15,BrF54-26,F,A,2/12/2014,18,5/5/2014,May,82,20.4
54121,55,TestF55-15,BrF54-39,F,B,2/12/2014,18,5/5/2014,May,82,21.4
54124,55,TestF55-16,BrF54-26,M,A,2/12/2014,18,5/5/2014,May,82,31
54125,55,TestF55-15,BrF54-32,F,W,2/12/2014,18,5/5/2014,May,82,21.1
54126,55,TestF55-16,BrF54-39,M,B,2/12/2014,18,5/5/2014,May,82,29.2
54130,55,TestF55-16,BrF54-32,M,W,2/12/2014,18,5/5/2014,May,82,34.3
54131,55,TestF55-17,BrF54-49,F,A,2/12/2014,18,5/6/2014,May,83,17.9
54133,55,TestF55-17,BrF54-48,F,B,2/12/2014,18,5/6/2014,May,83,17.8
54134,55,TestF55-16,BrF54-49,M,W,2/12/2014,18,5/5/2014,May,82,36.9
54138,55,TestF55-18,BrF54-48,M,B,2/12/2014,18,5/6/2014,May,83,25.3
54139,55,TestF55-17,BrF54-47,F,B,2/12/2014,18,5/6/2014,May,83,26.3
54141,55,TestF55-17,BrF54-42,F,A,2/12/2014,18,5/6/2014,May,83,22.8
54142,55,TestF55-18,BrF54-47,M,W,2/12/2014,18,5/6/2014,May,83,24.2
54146,55,TestF55-18,BrF54-42,M,A,2/12/2014,18,5/6/2014,May,83,30.5
54147,55,TestF55-19,BrF54-34,F,W,2/12/2014,18,5/6/2014,May,83,22.6
54149,55,TestF55-19,BrF54-31,F,A,2/12/2014,18,5/6/2014,May,83,27.8
54150,55,TestF55-18,BrF54-34,M,W,2/12/2014,18,5/6/2014,May,83,31.6
54153,55,TestF55-19,BrF54-30,F,B,2/13/2014,18,5/6/2014,May,82,23.6
54154,55,TestF55-20,BrF54-31,M,B,2/12/2014,18,5/6/2014,May,83,46.2
54157,55,TestF55-19,BrF54-24,F,W,2/13/2014,18,5/6/2014,May,82,20.7
54158,55,TestF55-20,BrF54-30,M,W,2/13/2014,18,5/6/2014,May,82,35.8
54161,55,TestF55-21,BrF54-43,F,A,2/13/2014,18,5/6/2014,May,82,20.5
54164,55,TestF55-20,BrF54-24,M,W,2/13/2014,18,5/6/2014,May,82,26.9
54165,55,TestF55-21,BrF54-45,F,W,2/13/2014,18,5/6/2014,May,82,20.4
54166,55,TestF55-20,BrF54-43,M,A,2/13/2014,18,5/6/2014,May,82,29.4
54169,55,TestF55-21,BrF54-37,F,B,2/13/2014,18,5/6/2014,May,82,24
54170,55,TestF55-22,BrF54-37,M,B,2/13/2014,18,5/6/2014,May,82,38.7
54173,55,TestF55-23,BrF54-16,F,A,2/13/2014,18,5/6/2014,May,82,19.8
54176,55,TestF55-22,BrF54-45,M,W,2/13/2014,18,5/6/2014,May,82,25.7
54178,55,TestF55-22,BrF54-16,M,A,2/13/2014,18,5/6/2014,May,82,33
54179,55,TestF55-23,BrF54-28,F,B,2/13/2014,18,5/6/2014,May,82,23.5
54182,55,TestF55-22,BrF54-28,M,A,2/13/2014,18,5/6/2014,May,82,34.9
54183,55,TestF55-25,BrF54-44,F,B,2/17/2014,18,5/6/2014,May,78,19.2
54186,55,TestF55-24,BrF54-44,M,B,2/17/2014,18,5/6/2014,May,78,29.1
54187,55,TestF55-25,BrF54-51,F,A,2/14/2014,18,5/6/2014,May,81,30.8
54190,55,TestF55-24,BrF54-51,M,A,2/14/2014,18,5/6/2014,May,81,27.1
54193,55,TestF55-27,BrF53-112,F,B,2/26/2014,19,6/20/2014,Jun,114,26.5
54194,55,TestF55-26,BrF54-41,M,B,3/3/2014,19,6/20/2014,Jun,109,36.8
54196,55,TestF55-26,BrF53-112,M,B,2/26/2014,19,6/20/2014,Jun,114,48
54198,55,TestF55-26,BrF54-46,M,W,3/9/2014,19,6/20/2014,Jun,103,35.2
54199,55,TestF55-27,BrF54-41,F,B,3/3/2014,19,6/20/2014,Jun,109,26.6
54201,55,TestF55-27,BrF54-46,F,W,3/9/2014,19,6/20/2014,Jun,103,25
54207,55,TestF55-27,BrF54-51,F,B,2/14/2014,19,6/20/2014,Jun,126,27.7
54209,55,TestF55-29,BrF54-40,F,W,3/24/2014,19,6/20/2014,Jun,88,25
54213,55,TestF55-29,BrF54-75,F,A,3/24/2014,19,6/20/2014,Jun,88,29.4
54216,55,TestF55-30,BrF54-59,M,W,3/24/2014,19,6/20/2014,Jun,88,36.6
54217,55,TestF55-29,BrF54-56,F,B,3/24/2014,19,6/20/2014,Jun,88,21.9
54220,55,TestF55-30,BrF54-71,M,A,3/24/2014,19,6/20/2014,Jun,88,39.7
54221,55,TestF55-29,BrF54-80,F,B,3/24/2014,19,6/20/2014,Jun,88,26.2
54226,55,TestF55-30,BrF54-61,M,B,3/24/2014,19,6/20/2014,Jun,88,33.3
54227,55,TestF55-31,BrF54-59,F,W,3/24/2014,19,6/20/2014,Jun,88,26.2
54229,55,TestF55-31,BrF54-71,F,A,3/24/2014,19,6/20/2014,Jun,88,25.1
54230,55,TestF55-30,BrF54-81,M,W,3/25/2014,19,6/20/2014,Jun,87,37.2
54233,55,TestF55-31,BrF54-61,F,B,3/24/2014,19,6/20/2014,Jun,88,23.3
54234,55,TestF55-32,BrF54-55,M,W,3/25/2014,19,6/20/2014,Jun,87,28.7
54237,55,TestF55-31,BrF54-81,F,B,3/25/2014,19,6/20/2014,Jun,87,28.3
54238,55,TestF55-32,BrF54-54,M,W,3/25/2014,19,6/20/2014,Jun,87,33.8
54240,55,TestF55-32,BrF54-69,M,A,3/24/2014,19,6/20/2014,Jun,88,41.1
54243,55,TestF55-33,BrF54-55,F,B,3/25/2014,19,6/20/2014,Jun,87,19.6
54244,55,TestF55-32,BrF54-58,M,A,3/26/2014,19,6/20/2014,Jun,86,30.8
54245,55,TestF55-33,BrF54-54,F,A,3/25/2014,19,6/20/2014,Jun,87,29.5
54248,55,TestF55-34,BrF54-63,M,W,3/26/2014,19,6/20/2014,Jun,86,30.5
54249,55,TestF55-33,BrF54-69,F,W,3/24/2014,19,6/20/2014,Jun,88,26.8
54252,55,TestF55-34,BrF54-66,M,B,3/26/2014,19,6/20/2014,Jun,86,31.5
54253,55,TestF55-33,BrF54-58,F,B,3/26/2014,19,6/20/2014,Jun,86,26.9
54256,55,TestF55-34,BrF54-74,M,A,3/26/2014,19,6/20/2014,Jun,86,33.4
54257,55,TestF55-35,BrF54-63,F,W,3/26/2014,19,6/20/2014,Jun,86,23.7
54260,55,TestF55-34,BrF54-64,M,B,3/26/2014,19,6/20/2014,Jun,86,32.4
54261,55,TestF55-35,BrF54-66,F,B,3/26/2014,19,6/20/2014,Jun,86,23
54266,55,TestF55-36,BrF54-73,M,B,3/27/2014,19,6/20/2014,Jun,85,27.7
54267,55,TestF55-35,BrF54-74,F,W,3/26/2014,19,6/20/2014,Jun,86,20.1
54269,55,TestF55-35,BrF54-64,F,B,3/26/2014,19,6/20/2014,Jun,86,23.3
54270,55,TestF55-36,BrF54-82,M,A,3/28/2014,19,6/20/2014,Jun,84,39.5
54274,55,TestF55-36,BrF54-76,M,B,3/28/2014,19,6/20/2014,Jun,84,33.7
54276,55,TestF55-36,BrF54-84,M,A,3/28/2014,19,6/20/2014,Jun,84,32.2
54277,55,TestF55-37,BrF54-73,F,B,3/27/2014,19,6/20/2014,Jun,85,24.8
54279,55,TestF55-37,BrF54-82,F,A,3/28/2014,19,6/20/2014,Jun,84,27.1
54282,55,TestF55-38,BrF54-77,M,A,3/27/2014,19,6/20/2014,Jun,85,36.3
54283,55,TestF55-37,BrF54-76,F,B,3/28/2014,19,6/20/2014,Jun,84,24.5
54284,55,TestF55-38,BrF54-70,M,B,3/27/2014,19,6/20/2014,Jun,85,33.5
54289,55,TestF55-37,BrF54-84,F,A,3/28/2014,19,6/20/2014,Jun,84,21.3
54290,55,TestF55-38,BrF54-68,M,B,3/27/2014,19,6/20/2014,Jun,85,44.4
54291,55,TestF55-39,BrF54-77,F,W,3/27/2014,19,6/23/2014,Jun,88,36.8
54294,55,TestF55-38,BrF54-79,M,W,3/27/2014,19,6/20/2014,Jun,85,41.4
54295,55,TestF55-39,BrF54-70,F,B,3/27/2014,19,6/23/2014,Jun,88,21.9
54298,55,TestF55-40,BrF54-52,M,B,3/30/2014,19,6/23/2014,Jun,85,32.3
54299,55,TestF55-39,BrF54-68,F,B,3/27/2014,19,6/23/2014,Jun,88,32.3
54300,55,TestF55-40,BrF54-57,M,A,3/30/2014,19,6/23/2014,Jun,85,34.2
54303,55,TestF55-39,BrF54-79,F,W,3/27/2014,19,6/23/2014,Jun,88,27.8
54304,55,TestF55-40,BrF54-78,M,W,3/26/2014,19,6/23/2014,Jun,89,41.2
54307,55,TestF55-41,BrF54-52,F,B,3/30/2014,19,6/23/2014,Jun,85,27.4
54310,55,TestF55-42,BrF54-60,M,A,3/30/2014,19,6/23/2014,Jun,85,29.7
54311,55,TestF55-41,BrF54-57,F,B,3/30/2014,19,6/23/2014,Jun,85,27
54315,55,TestF55-41,BrF54-78,F,W,3/26/2014,19,6/23/2014,Jun,89,29
54316,55,TestF55-42,BrF54-65,M,W,3/30/2014,19,6/23/2014,Jun,85,39.6
54319,55,TestF55-43,BrF54-60,F,A,3/30/2014,19,6/23/2014,Jun,85,24.7
54320,55,TestF55-44,BrF54-93,M,A,4/10/2014,20,7/14/2014,Jul,NA,36.1
54323,55,TestF55-43,BrF54-65,F,W,3/30/2014,19,6/23/2014,Jun,85,25.7
54324,55,TestF55-44,BrF54-99,M,B,4/11/2014,20,7/15/2014,Jul,NA,31.4
54327,55,TestF55-45,BrF54-93,F,A,4/10/2014,20,7/16/2014,Jul,NA,21.9
54330,55,TestF55-52,BrF54-53,M,B,4/15/2014,20,8/3/2014,Jul,NA,28.6
54331,55,TestF55-45,BrF54-99,F,W,4/11/2014,20,7/17/2014,Jul,NA,25
54332,55,TestF55-52,BrF54-92,M,A,4/13/2014,20,8/4/2014,Jul,NA,34
54335,55,TestF55-53,BrF54-53,F,B,4/15/2014,20,8/5/2014,Jul,NA,21.3
54336,55,TestF55-46,BrF54-94,M,B,4/13/2014,20,7/18/2014,Jul,NA,37.4
54339,55,TestF55-53,BrF54-92,F,W,4/13/2014,20,8/6/2014,Jul,NA,29.8
54340,55,TestF55-46,BrF54-96,M,A,4/13/2014,20,7/19/2014,Jul,NA,31.3
54343,55,TestF55-47,BrF54-94,F,B,4/13/2014,20,7/22/2014,Jul,NA,24.6
54346,55,TestF55-46,BrF54-87,M,A,4/17/2014,20,7/20/2014,Jul,NA,32.2
54347,55,TestF55-47,BrF54-96,F,W,4/13/2014,20,7/23/2014,Jul,NA,24
54350,55,TestF55-46,BrF54-98,M,W,4/16/2014,20,7/21/2014,Jul,NA,37.2
54352,55,TestF55-48,BrF54-89,M,W,4/24/2014,20,7/26/2014,Jul,NA,30.1
54353,55,TestF55-47,BrF54-87,F,A,4/17/2014,20,7/24/2014,Jul,NA,22.6
54357,55,TestF55-47,BrF54-98,F,W,4/16/2014,20,7/25/2014,Jul,NA,22.4
54359,55,TestF55-49,BrF54-89,F,W,4/24/2014,20,7/28/2014,Jul,NA,23.3
54360,55,TestF55-48,BrF54-62,M,A,4/28/2014,20,7/27/2014,Jul,NA,32.4
54363,55,TestF55-49,BrF54-62,F,A,4/28/2014,20,7/29/2014,Jul,NA,23.5
54367,55,TestF55-51,BrF54-91,F,W,5/1/2014,20,8/1/2014,Jul,NA,19.5
54368,55,TestF55-50,BrF54-91,M,W,5/1/2014,20,7/30/2014,Jul,NA,23.8
54371,55,TestF55-51,BrF54-86,F,A,5/1/2014,20,8/2/2014,Jul,NA,21.7
54372,55,TestF55-50,BrF54-86,M,B,5/1/2014,20,7/31/2014,Jul,NA,26.3
