id,gen,cage,fam,dam,sire,sex,ppi.weight,ppi.age,
26580,50,Test F50-18,BrF49-36,45482,45342,M,30.3,71,
26581,50,Test F50-17,BrF49-36,45482,45342,F,32.4,71,
26582,50,Test F50-17,BrF49-37,45484,45352,F,33,68,
26583,50,Test F50-18,BrF49-37,45484,45352,M,32.3,68,
26584,50,Test F50-18,BrF49-38,45485,45355,M,32.4,68,
26585,50,Test F50-19,BrF49-38,45485,45355,F,26,68,
26586,50,Test F50-18,BrF49-39,45359,45357,M,26.1,70,
26587,50,Test F50-17,BrF49-39,45359,45357,F,22.8,70,
26588,50,Test F50-17,BrF49-41,45353,45426,F,25.5,69,
26589,50,Test F50-20,BrF49-41,45353,45426,M,28.8,69,
26590,50,Test F50-19,BrF49-44,45382,45479,F,22.3,70,
26591,50,Test F50-20,BrF49-44,45382,45479,M,27.7,70,
26592,50,Test F50-20,BrF49-46,45457,45438,M,30.4,70,
26593,50,Test F50-19,BrF49-46,45457,45438,F,22.9,70,
26594,50,Test F50-20,BrF49-55,45393,45425,M,28.4,70,
26595,50,Test F50-19,BrF49-55,45393,45425,F,26.2,70,
45493,50,Test F50-33,BrF49-82,45467,45471,F,19.3,71,
45494,50,Test F50-36,BrF49-82,45467,45471,M,28.6,71,
45496,50,Test F50-02,BrF49-01,45301,45371,M,30,64,
45497,50,Test F50-01,BrF49-01,45301,45371,F,25.6,64,
45498,50,Test F50-01,BrF49-03,45305,45381,F,24.3,65,
45499,50,Test F50-02,BrF49-04,45307,45452,M,26.6,64,
46001,50,Test F50-01,BrF49-04,45307,45452,F,25.1,64,
46002,50,Test F50-01,BrF49-06,45313,45432,F,19.8,64,
46003,50,Test-F50-02,BrF49-06,45313,45432,M,27.2,64,
46004,50,Test F50-02,BrF49-07,45316,45441,M,27.6,65,
46005,50,Test F50-03,BrF49-07,45316,45441,F,21,65,
46006,50,Test F50-03,BrF49-09,45323,45465,F,31.2,65,
46007,50,Test F50-04,BrF49-09,45323,45465,M,33.3,65,
46008,50,Test F50-03,BrF49-21,45466,45312,F,19.5,64,
46009,50,Test F50-04,BrF49-21,45466,45312,M,33,64,
46010,50,Test F50-04,BrF49-13,45325,45324,M,36,64,
46011,50,Test F50-03,BrF49-13,45325,45324,F,26.8,64,
46012,50,Test F50-04,BrF49-14,45328,45320,M,30.7,64,
46013,50,Test F50-05,BrF49-14,45328,45320,F,22.1,64,
46014,50,Test F50-05,BrF49-18,45340,45380,F,26.5,64,
46015,50,Test F50-06,BrF49-18,45340,45380,M,31.3,64,
46016,50,Test F50-06,BrF49-22,45385,45314,M,36.4,65,
46017,50,Test F50-05,BrF49-22,45385,45314,F,22.9,65,
46019,50,Test F50-05,BrF49-23,45434,45315,F,28.4,65,
46020,50,Test F50-06,BrF49-23,45434,45315,M,34.8,65,
46023,50,Test F50-06,BrF49-24,45383,45318,M,28.8,65,
46024,50,Test F50-07,BrF49-24,45392,45446,M,27.5,65,
46027,50,Test F50-07,BrF49-31,45397,45364,M,27.5,63,
46126,50,Test F50-10,BrF49-26,45389,45384,M,30.5,63,
46127,50,Test F50-09,BrF49-26,45389,45384,F,19.4,63,
46128,50,Test F50-42,BrF49-08,45322,45303,M,42.3,82,
46129,50,Test F50-41,BrF49-08,45322,45303,F,31.2,82,
46130,50,Test F50-10,BrF49-05,45311,45447,M,30.2,63,
46131,50,Test F50-09,BrF49-05,45311,45447,F,24.7,63,
46132,50,Test F50-10,BrF49-11,45310,45440,M,31.5,63,
46133,50,Test F50-09,BrF49-11,45310,45440,F,23.8,63,
46134,50,Test F50-12,BrF49-10,45360,45464,M,31,63,
46135,50,Test F50-11,BrF49-10,45360,45464,F,23.5,63,
46136,50,Test F50-12,BrF49-16,45431,45374,M,29.3,63,
46137,50,Test F50-11,BrF49-16,45431,45374,F,24.5,63,
46138,50,Test F50-12,BrF49-27,45369,45444,M,29.6,63,
46139,50,Test F50-11,BrF49-27,45369,45444,F,21.7,63,
46140,50,Test F50-12,BrF49-29,45463,45450,M,26.9,63,
46141,50,Test F50-11,BrF49-29,45463,45450,F,19.5,63,
46142,50,Test F50-14,BrF49-32,45398,45488,M,28.7,63,
46143,50,Test F50-13,BrF49-32,45398,45488,F,19.6,63,
46144,50,Test F50-14,BrF49-33,45475,45370,M,26.3,63,
46145,50,Test F50-13,BrF49-33,45475,45370,F,23,63,
46146,50,Test F50-14,BrF49-34,45451,45367,M,25.6,63,
46147,50,Test F50-13,BrF49-34,45451,45367,F,17.3,63,
46148,50,Test F50-14,BrF49-02,45304,45468,M,27.4,63,
46149,50,Test F50-13,BrF49-02,45304,45468,F,21.9,63,
46150,50,Test F50-16,BrF49-12,45481,45435,M,28,63,
46151,50,Test F50-15,BrF49-12,45481,45435,F,21.1,63,
46152,50,Test F50-16,BrF49-19,45333,45416,M,29.6,63,
46153,50,Test F50-15,BrF49-19,45333,45416,F,22.4,63,
46154,50,Test F50-16,BrF49-20,45334,45339,M,22.8,63,
46155,50,Test F50-15,BrF49-20,45334,45339,F,16.9,63,
46156,50,Test F50-42,BrF49-17,45335,45377,M,34,79,
46157,50,Test F50-41,BrF49-17,45335,45377,F,25.9,79,
46307,50,Test F50-37,BrF49-84,45472,45459,F,19.8,71,
46319,50,Test F50-39,BrF49-35,45478,45351,F,20.6,64,
46320,50,Test F50-40,BrF49-35,45478,45351,M,26.3,64,
46341,50,Test F50-21,BrF49-40,45417,45358,F,19.6,69,
46345,50,Test F50-21,BrF49-48,45494,45390,F,22.5,70,
46349,50,Test F50-21,BrF49-49,45449,45327,F,18.4,69,
46353,50,Test F50-21,BrF49-53,45486,45420,F,25.6,69,
46356,50,Test F50-24,BrF49-54,45418,45348,M,40,69,
46357,50,Test F50-23,BrF49-54,45418,45348,F,19.6,69,
46360,50,Test F50-24,BrF49-50,45454,45341,M,27.9,69,
46361,50,Test F50-23,BrF49-50,45454,45341,F,26,69,
46364,50,Test F50-24,BrF49-42,45354,45489,M,32.2,68,
46365,50,Test F50-23,BrF49-42,45354,45489,F,20.5,68,
46368,50,Test F50-24,BrF49-43,45356,45326,M,29.7,69,
46369,50,Test F50-23,BrF49-43,45356,45326,F,25.5,69,
46372,50,Test F50-25,BrF49-51,45455,45480,M,34.6,68,
46386,50,Test F50-25,BrF49-52,45362,45483,M,30.1,69,
46388,50,Test F50-36,BrF49-71,45430,45391,M,28.2,71,
46389,50,Test-F50-35,BrF49-71,45430,45391,F,20.5,71,
46392,50,Test F50-36,BrF49-75,45439,45462,M,40.8,69,
46393,50,Test-F50-35,BrF49-75,45439,45462,F,27,69,
46397,50,Test F50-37,BrF49-65,45375,45458,F,21.3,71,
46429,50,Test F50-27,BrF49-57,45476,45330,F,27.8,76,
46430,50,Test F50-28,BrF49-57,45476,45330,M,40,76,
46433,50,Test F50-27,BrF49-81,45461,45387,F,21.7,72,
46434,50,Test F50-28,BrF49-81,45461,45387,M,26,72,
46437,50,Test F50-27,BrF49-66,45378,45429,F,22.6,72,
46438,50,Test F50-28,BrF49-66,45378,45429,M,31.6,72,
46442,50,Test F50-28,BrF49-67,45379,45422,M,29.5,72,
46445,50,Test-F50-39,BrF49-45,45388,45495,F,20.5,66,
46446,50,Test F50-30,BrF49-61,45365,45453,M,30.4,72,
46447,50,Test F50-29,BrF49-61,45365,45453,F,24.2,72,
46450,50,Test F50-30,BrF49-63,45373,45423,M,32.5,71,
46451,50,Test F50-29,BrF49-63,45373,45423,F,23.8,71,
46454,50,Test F50-30,BrF49-72,45433,45474,M,38.7,72,
46455,50,Test F50-29,BrF49-72,45433,45474,F,26,72,
46457,50,Test F50-29,BrF49-60,45350,45306,F,19.3,72,
46458,50,Test F50-30,BrF49-60,45350,45306,M,29.2,72,
46461,50,Test F50-31,BrF49-78,45448,45345,F,21.9,72,
46462,50,Test F50-32,BrF49-78,45448,45345,M,33.9,72,
46465,50,Test F50-31,BrF49-73,45436,45456,F,20,72,
46466,50,Test F50-32,BrF49-58,45344,45477,M,28.8,71,
46469,50,Test F50-31,BrF49-64,45372,45308,F,22.6,71,
46470,50,Test F50-32,BrF49-64,45372,45308,M,28,71,
46473,50,Test F50-31,BrF49-58,45344,45477,F,19.8,71,
46474,50,Test F50-32,BrF49-73,45436,45456,M,31.7,72,
46478,50,Test F50-34,BrF49-68,45428,45395,M,34.5,69,
46479,50,Test F50-33,BrF49-68,45428,45395,F,24.8,69,
46482,50,Test F50-34,BrF49-83,45469,45400,M,30.1,68,
46483,50,Test F50-33,BrF49-83,45469,45400,F,22.6,68,
46486,50,Test F50-34,BrF49-69,45419,45309,M,26.9,69,
46487,50,Test F50-33,BrF49-69,45419,45309,F,17.9,69,
46490,50,Test F50-34,BrF49-74,45347,45470,M,26.6,69,
46491,50,Test F50-35,BrF49-74,45347,45470,F,24,69,
46497,50,Test F50-35,BrF49-85,45487,45399,F,22.8,71,
46498,50,Test F50-36,BrF49-85,45487,45399,M,26.7,71,
46640,50,Test F50-40,BrF49-70,45437,45470,M,35.7,67,
46641,50,Test F50-39,BrF49-70,45437,45470,F,26.6,67,
46644,50,Test F50-40,BrF49-45,45388,45495,M,28.6,66,
46645,50,Test F50-39,BrF49-45,45388,45495,F,20.5,66,
46672,50,Test-F50-43,BrF49-62,45368,45336,M,27.3,60,
46675,50,Test F50-37,BrF49-62,45368,45336,F,20.5,60,
46695,51,Test.F51-01,BrF50-07,46080,46170,F,23,71,
48290,51,Test.F51-52,BrF50-101,46489,46477,M,20.6,61,
48304,51,Test.F51-02,BrF50-07,46080,46170,M,29.1,71,
48305,51,Test.F51-01,BrF50-04,46068,46099,F,23.7,71,
48306,51,Test.F51-02,BrF50-04,46068,46099,M,35.3,71,
48311,51,Test.F51-03,BrF50-01,46033,46117,F,26,69,
48313,51,Test.F51-03,BrF50-34,46186,46164,F,22.8,69,
48314,51,Test.F51-04,BrF50-01,46033,46117,M,28.9,69,
48316,51,Test.F51-04,BrF50-34,46186,46164,M,36.6,69,
48325,51,Test.F51-15,BrF50-05,46076,46171,F,21.8,69,
48326,51,Test.F51-14,BrF50-25,46083,46163,M,29.9,71,
48328,51,Test.F51-14,  BrF50-05,46076,46171,M,28.3,69,
48331,51,Test.F51-15,BrF50-25,46083,46163,F,22.9,71,
48332,51,Test.F51-14,  BrF50-24,46082,46086,M,30.8,69,
48337,51,Test.F51-15,BrF50-24,46082,46086,F,25.5,69,
48342,51,Test.F51-14,  BrF50-03,46067,26574,M,34,70,
48344,51,Test.F51-06,BrF50-32,46176,46030,M,28.1,67,
48345,51,Test.F51-05,BrF50-32,46176,46030,F,24.2,67,
48347,51,Test.F51-05,BrF50-02,46034,46201,F,21.6,68,
48348,51,Test.F51-06,BrF50-02,46034,46201,M,26.6,68,
48352,51,Test.F51-06,BrF50-35,46187,46169,M,31.1,68,
48353,51,Test.F51-05,BrF50-35,46187,46169,F,20.7,68,
48355,51,Test.F51-05,BrF50-17,46043,46090,F,21.2,65,
48358,51,Test.F51-06,BrF50-17,46043,46090,M,28.8,65,
48361,51,Test.F51-07,BrF50-13,46120,46179,F,22,69,
48362,51,Test.F51-08,BrF50-13,46120,46179,M,29,69,
48365,51,Test.F51-07,BrF50-22,46054,46055,F,23,69,
48366,51,Test.F51-08,BrF50-22,46054,46055,M,29.3,69,
48369,51,Test.F51-07,BrF50-19,46048,46057,F,18.3,68,
48370,51,Test.F51-08,BrF50-19,46048,46057,M,27,68,
48373,51,Test.F51-07,BrF50-12,46118,46346,F,20.7,70,
48374,51,Test.F51-08,BrF50-12,46118,46346,M,24.1,70,
48377,51,Test.F51-09,BrF50-11,46105,46214,F,22.9,67,
48379,51,Test.F51-09,BrF50-23,46072,46078,F,23.9,69,
48381,51,Test.F51-09,BrF50-06,46079,46217,F,20.4,69,
48382,51,Test.F51-10,BrF50-11,46105,46214,M,30.2,67,
48383,51,Test.F51-09,BrF50-14,46121,46112,F,21,69,
48384,51,Test.F51-10,BrF50-23,46072,46078,M,27.5,69,
48387,51,Test.F51-11,BrF50-29,46095,46089,F,18.3,65,
48390,51,Test.F51-10,BrF50-06,46079,46217,M,26.1,69,
48391,51,Test.F51-11,BrF50-09,46103,46098,F,25.2,69,
48394,51,Test.F51-10,BrF50-14,46121,46112,M,28.6,69,
48395,51,Test.F51-11,BrF50-26,46091,46097,F,21.6,68,
48398,51,Test.F51-12,BrF50-29,46095,46089,M,21.7,65,
48399,51,Test.F51-11,BrF50-18,46047,46056,F,21.1,69,
48402,51,Test.F51-12,BrF50-09,46103,46098,M,29.2,69,
48406,51,Test.F51-12,BrF50-26,46091,46097,M,30.4,68,
48408,51,Test.F51-12,BrF50-18,46047,46056,M,23.6,69,
48409,51,Test.F51-13,BrF50-20,46049,46180,F,21.3,67,
48411,51,Test.F51-13,BrF50-10,46104,46087,F,22.2,71,
48412,51,Test.F51-16,BrF50-20,46049,46180,M,26.9,67,
48416,51,Test.F51-16,BrF50-10,46104,46087,M,31.5,71,
48417,51,Test.F51-13,BrF50-17,46043,46090,F,21.2,65,
48420,51,Test.F51-16,BrF50-16,46041,46200,M,29.2,68,
48423,51,Test.F51-17,BrF50-31,46175,46218,F,22.2,61,
48425,51,Test.F51-17,BrF50-28,46094,46084,F,23,59,
48426,51,Test.F51-18,BrF50-31,46175,46218,M,28.3,61,
48432,51,Test.F51-18,BrF50-28,46094,46084,M,24.9,59,
48436,51,Test.F51-20,BrF50-37,46191,46160,M,25.9,69,
48439,51,Test.F51-19,BrF50-37,46191,46160,F,18.6,69,
48441,51,Test.F51-19,BrF50-38,46192,46111,F,24.6,69,
48443,51,Test.F51-19,BrF50-3,46067,26574,F,21.1,69,
48444,51,Test.F51-20,BrF50-66,46219,46038,M,22.4,69,
48445,51,Test.F51-19,BrF50-66,46219,46038,F,15.6,69,
48447,51,Test.F51-21,BrF50-40,46198,46225,F,19.9,69,
48449,51,Test.F51-21,BrF50-43,46208,46074,F,21.8,69,
48452,51,Test.F51-20,BrF50-40,46198,46225,M,28.6,69,
48456,51,Test.F51-20,BrF50-43,46208,46074,M,31.6,69,
48464,51,Test.F51-22,BrF50-58,46301,46061,M,37.6,69,
48468,51,Test.F51-22,BrF50-61,46351,46075,M,31.2,68,
48472,51,Test.F51-22,BrF50-64,46367,46070,M,24.7,68,
48473,51,Test.F51-25,BrF50-56,46305,46207,F,20.4,68,
48475,51,Test.F51-25,BrF50-48,46173,46384,F,21.5,68,
48477,51,Test.F51-25,BrF50-41,46199,46213,F,21.7,67,
48478,51,Test.F51-22,BrF50-63,46359,46174,M,20,68,
48479,51,Test.F51-25,BrF50-62,46355,46029,F,21.3,68,
48482,51,Test.F51-24,BrF50-65,46385,46222,M,30.1,68,
48486,51,Test.F51-24,BrF50-56,46305,46207,M,29.1,68,
48489,51,Test.F51-27,BrF50-57,46343,46077,F,23.9,69,
48490,51,Test.F51-24,BrF50-48,46173,46384,M,30.4,68,
48494,51,Test.F51-24,BrF50-41,46199,46213,M,30.5,67,
48495,51,Test.F51-27,BrF50-39,46196,46110,F,19.9,68,
48496,51,Test.F51-26,BrF50-62,46355,46029,M,28.7,68,
49003,51,Test.F51-27,BrF50-50,46161,46350,F,18.3,67,
49004,51,Test.F51-26,BrF50-57,46343,46077,M,27.9,69,
49007,51,Test.F51-27,BrF50-55,46303,46197,F,26.9,67,
49008,51,Test.F51-26,BrF50-39,46196,46110,M,30.9,68,
49011,51,Test.F51-29,BrF50-69,46373,46167,F,27.2,67,
49012,51,Test.F51-26,BrF50-50,46161,46350,M,24.1,67,
49015,51,Test.F51-29,BrF50-70,46037,46440,F,21.5,67,
49016,51,Test.F51-28,BrF50-55,46303,46197,M,30.7,67,
49019,51,Test.F51-29,BrF50-36,46188,46031,F,23.2,67,
49020,51,Test.F51-28,BrF50-69,46373,46167,M,32.8,67,
49024,51,Test.F51-28,BrF50-70,46037,46440,M,27.4,67,
49025,51,Test.F51-31,BrF50-52,46216,46066,F,20.8,66,
49026,51,Test.F51-28,BrF50-36,46188,46031,M,25.9,67,
49027,51,Test.F51-31,BrF50-71,46065,46468,F,21.3,66,
49028,51,Test.F51-30,BrF50-52,46216,46066,M,33.8,66,
49031,51,Test.F51-31,BrF50-46,46168,46362,F,23.2,66,
49032,51,Test.F51-30,BrF50-71,46065,46468,M,30.1,66,
49035,51,Test.F51-31,BrF50-68,46363,46204,F,19.4,66,
49036,51,Test.F51-30,BrF50-46,46168,46362,M,34.7,66,
49040,51,Test.F51-30,BrF50-68,46363,46204,M,28,66,
49041,51,Test.F51-33,BrF50-53,46223,46342,F,19.7,66,
49045,51,Test.F51-33,BrF50-51,46162,46194,F,27.1,66,
49048,51,Test.F51-32,BrF50-53,46223,46342,M,26.7,66,
49052,51,Test.F51-32,BrF50-51,46162,46194,M,25.4,66,
49055,51,Test.F51-33,BrF50-30,46096,46085,F,37.4,70,
49056,51,Test.F51-32,BrF50-30,46096,46085,M,32.3,70,
49210,51,Test.F51-42,BrF50-76,26578,46500,M,27.4,65,
49211,51,Test.F51-43,BrF50-76,26578,46500,F,21.6,65,
49213,51,Test.F51-43,BrF50-77,46165,46492,F,23.2,64,
49214,51,Test.F51-42,BrF50-77,46165,46492,M,24.2,64,
49217,51,Test.F51-43,BrF50-78,46166,46394,F,21.8,64,
49218,51,Test.F51-42,BrF50-78,46166,46394,M,27.1,64,
49221,51,Test.F51-43,BrF50-79,46183,46460,F,20.4,64,
49222,51,Test.F51-42,BrF50-79,46183,46460,M,27,64,
49226,51,Test.F51-44,BrF50-87,46449,46444,M,27.2,65,
49229,51,Test.F51-45,BrF50-87,46449,46444,F,20.3,65,
49230,51,Test.F51-44,BrF50-81,46195,46456,M,22.2,65,
49231,51,Test.F51-45,BrF50-81,46195,46456,F,25.5,65,
49233,51,Test.F51-45,BrF50-82,46203,46396,F,21.8,64,
49234,51,Test.F51-44,BrF50-82,46203,46396,M,24.9,64,
49237,51,Test.F51-45,BrF50-84,46435,46060,F,26.6,63,
49238,51,Test.F51-44,BrF50-84,46435,46060,M,28.1,63,
49240,51,Test.F51-46,BrF50-85,46439,46178,M,26.3,64,
49243,51,Test.F51-47,BrF50-85,46439,46178,F,18.4,64,
49245,51,Test.F51-47,BrF50-86,46443,46190,F,21.6,63,
49246,51,Test.F51-46,BrF50-86,46443,46190,M,26.6,63,
49249,51,Test.F51-47,BrF50-72,46032,46390,F,23.9,63,
49251,51,Test.F51-47,BrF50-73,46039,46464,F,20.3,64,
49254,51,Test.F51-46,BrF50-73,46039,46464,M,24.6,64,
49255,51,Test.F51-49,BrF50-82,46203,46396,F,24,64,
49258,51,Test.F51-48,BrF50-82,46203,46396,M,23.3,64,
49259,51,Test.F51-49,BrF50-93,46391,46181,F,21.5,63,
49262,51,Test.F51-48,BrF50-93,46391,46181,M,24.9,63,
49263,51,Test.F51-49,BrF50-96,46471,46021,F,21.4,63,
49266,51,Test.F51-48,BrF50-96,46471,46021,M,22.7,63,
49267,51,Test.F51-49,BrF50-99,46395,46646,F,23.6,64,
49270,51,Test.F51-48,BrF50-99,46395,46646,M,27.8,64,
49274,51,Test.F51-50,BrF50-100,46481,46432,M,30.8,64,
49278,51,Test.F51-50,BrF50-105,46321,46306,M,26.9,63,
49282,51,Test.F51-50,BrF50-104,46647,46452,M,29.3,63,
49286,51,Test.F51-52,BrF50-97,46475,46488,M,27.1,62,
49287,51,Test.F51-53,BrF50-97,46475,46488,F,17.7,62,
49289,51,Test.F51-53,BrF50-101,46489,46477,F,20,61,
49293,51,Test.F51-53,BrF50-94,46399,46480,F,22.5,61,
49294,51,Test.F51-52,BrF50-94,46399,46480,M,27,61,
49297,51,Test.F51-53,BrF50-102,46485,46193,F,20.9,62,
49298,51,Test.F51-52,BrF50-102,46485,46193,M,29.2,62,
49383,53,Test.F53-19,BrF52-35,50177,50136,F,19.6,63,
49401,51,Test.F51-55,BrF50-95,46453,46109,F,21.7,62,
49404,51,Test.F51-54,BrF50-95,46453,46109,M,32.4,62,
49405,51,Test.F51-55,BrF50-103,46643,46119,F,20.5,62,
49408,51,Test.F51-54,BrF50-103,46643,46119,M,34.8,62,
49409,51,Test.F51-55,BrF50-89,46463,46302,F,20.6,59,
49414,51,Test.F51-56,BrF50-98,46499,46042,M,25.2,75,
49416,51,Test.F51-54,BrF50-89,46463,46302,M,25.7,59,
49417,51,Test.F51-57,BrF50-98,46499,46042,F,20.7,75,
49424,51,Test.F51-56,BrF50-83,46431,46220,M,32.6,83,
49426,51,Test.F51-57,BrF50-72,46032,46390,F,19.9,66,
49427,52,Test.F52-01,BrF51-7,48385,48368,F,24.4,64,
49430,52,Test.F52-02,BrF51-7,48385,48368,M,36.9,64,
49431,52,Test.F52-01,BrF51-2,48333,48448,F,20.1,64,
49432,52,Test.F52-02,BrF51-2,48333,48448,M,28.6,64,
49435,52,Test.F52-01,BrF51-9,48359,48350,F,19.6,64,
49436,52,Test.F52-02,BrF51-9,48359,48350,M,25,64,
49439,52,Test.F52-01,BrF51-12,48312,48484,F,22.8,64,
49440,52,Test.F52-02,BrF51-12,48312,48484,M,31.6,64,
49447,51,Test.F51-59,BrF50-27,26579,46062,F,27.7,64,
49448,51,Test.F51-58,BrF50-27,26579,46062,M,33.3,64,
49451,51,Test.F51-59,BrF50-75,46113,46448,F,26.5,64,
49452,51,Test.F51-58,BrF50-75,46113,46448,M,37.4,64,
49453,51,Test.F51-59,BrF50-88,46459,46484,F,25.7,64,
49456,51,Test.F51-58,BrF50-88,46459,46484,M,26.4,64,
49461,52,Test.F52-03,BrF51-01,48415,48430,F,21.9,63,
49462,52,Test.F52-04,BrF51-01,48415,48430,M,35.5,63,
49466,52,Test.F52-04,BrF51-03,48303,49006,M,30.3,63,
49467,52,Test.F52-03,BrF51-03,48303,49006,F,18.2,63,
49470,52,Test.F52-04,BrF51-04,48309,49018,M,30.4,62,
49471,52,Test.F52-03,BrF51-04,48309,49018,F,21.1,62,
49472,52,Test.F52-04,BrF51-05,48413,49072,M,23.2,63,
49475,52,Test.F52-03,BrF51-05,48413,49072,F,19.4,63,
49476,52,Test.F52-06,BrF51-06,48327,48307,M,29.7,63,
49479,52,Test.F52-05,BrF51-06,48327,48307,F,19.7,63,
49482,52,Test.F52-06,BrF51-11,48336,48462,M,30.9,62,
49485,52,Test.F52-05,BrF51-11,48336,48462,F,20.6,62,
49486,52,Test.F52-06,BrF51-21,48405,49030,M,28.5,62,
49487,52,Test.F52-05,BrF51-21,48405,49030,F,21.9,62,
49490,52,Test.F52-06,BrF51-17,48421,48310,M,18.5,62,
49494,52,Test.F52-08,BrF51-15,48319,49050,M,30,62,
49497,52,Test.F52-05,BrF51-17,48421,48310,F,16.5,62,
49498,52,Test.F52-08,BrF51-14,48339,49046,M,26.1,64,
49499,52,Test.F52-07,BrF51-15,48319,49050,F,20.2,62,
50076,53,Test.F53-16,BrF52-33,50339,49460,M,26.8,67,
50078,53,Test.F53-18,BrF52-03,49429,50196,M,25,66,
50085,53,Test.F53-17,BrF52-29,50233,50110,F,20,66,
50086,53,Test.F53-18,BrF52-20,50139,50222,M,31.9,66,
50092,53,Test.F53-18,BrF52-26,50199,50130,M,25.7,67,
50094,53,Test.F53-20,BrF52-34,50173,49478,M,26.1,60,
50095,53,Test.F53-17,BrF52-26,50199,50130,F,23.7,67,
50099,53,Test.F53-19,BrF52-34,50173,49478,F,20.9,60,
50100,53,Test.F53-20,BrF52-35,50177,50136,M,30.9,63,
50102,52,Test.F52-08,BrF51-20,48341,48454,M,26.7,64,
50103,52,Test.F52-07,BrF51-14,48339,49046,F,19.6,64,
50106,52,Test.F52-08,BrF51-16,48349,48308,M,24.5,63,
50107,52,Test.F52-07,BrF51-20,48341,48454,F,21.5,64,
50112,52,Test.F52-10,BrF51-19,48357,47718,M,21.5,63,
50114,52,Test.F52-10,BrF51-08,48320,48388,M,22.9,62,
50115,52,Test.F52-07,BrF51-16,48349,48308,F,17.9,63,
50118,52,Test.F52-10,BrF51-18,48371,48321,M,29.1,64,
50119,52,Test.F52-09,BrF51-08,48320,48388,F,15,62,
50121,52,Test.F52-09,BrF51-18,48371,48321,F,23.6,64,
50125,52,Test.F52-09,BrF51-19,48357,47718,F,17.3,63,
50129,52,Test.F52-11,BrF51-25,48438,48315,F,25.1,64,
50131,52,Test.F52-11,BrF51-23,48427,48354,F,17.7,63,
50132,52,Test.F52-10,BrF51-25,48438,48315,M,29.2,64,
50134,52,Test.F52-12,BrF51-23,48427,48354,M,24.2,63,
50137,52,Test.F52-11,BrF51-24,48431,49038,F,22.2,63,
50140,52,Test.F52-12,BrF51-24,48431,49038,M,29.6,63,
50143,52,Test.F52-11,BrF51-22,48429,48334,F,23.2,62,
50146,52,Test.F52-12,BrF51-22,48429,48334,M,33.8,62,
50147,52,Test.F52-09,BrF51-10,48335,48458,F,26.3,54,
50148,52,Test.F52-12,BrF51-10,48335,48458,M,32.9,54,
50150,51,Test.F52-14,BrF50-90,46166,46394,M,33.7,68,
50151,51,Test.F52-13,BrF50-90,46166,46394,F,33.8,68,
50152,52,Test.F52-14,BrF51-58,49069,48424,M,32.4,68,
50153,52,Test.F52-13,BrF51-58,49069,48424,F,23.2,68,
50156,52,Test.F52-14,BrF51-36,48453,48372,M,39.3,68,
50158,52,Test.F52-14,BrF51-55,49053,48318,M,27.9,68,
50159,52,Test.F52-13,BrF51-36,48453,48372,F,19.5,68,
50163,52,Test.F52-13,BrF51-55,49053,48318,F,20.3,68,
50164,52,Test.F52-16,BrF51-54,49023,48414,M,28.2,68,
50168,52,Test.F52-16,BrF51-39,48459,48446,M,24.4,68,
50172,52,Test.F52-16,BrF51-43,48497,48378,M,31.7,67,
50182,52,Test.F52-16,BrF51-42,48469,49010,M,25.4,67,
50185,52,Test.F52-17,BrF51-44,48483,49044,F,22.4,67,
50186,52,Test.F52-18,BrF51-44,48483,49044,M,30.2,67,
50189,52,Test.F52-17,BrF51-10,48335,48458,F,25.4,65,
50190,52,Test.F52-18,BrF51-64,49201,49060,M,34.1,67,
50191,52,Test.F52-17,BrF51-64,49201,49060,F,24.3,67,
50194,52,Test.F52-18,BrF51-59,49067,48428,M,28.4,67,
50195,52,Test.F52-17,BrF51-59,49067,48428,F,18.4,67,
50198,52,Test.F52-18,BrF51-62,49091,48410,M,21.5,67,
50201,52,Test.F52-19,BrF51-65,49205,49054,F,20.8,66,
50202,52,Test.F52-20,BrF51-65,49205,49054,M,27,66,
50205,52,Test.F52-19,BrF51-33,48440,49076,F,21.2,66,
50206,52,Test.F52-20,BrF51-33,48440,49076,M,24.5,66,
50210,52,Test.F52-20,BrF51-34,49017,48404,M,22.1,66,
50211,52,Test.F52-19,BrF51-47,49017,48404,F,19.7,67,
50216,52,Test.F52-20,BrF51-47,49017,48404,M,27,67,
50217,52,Test.F52-19,BrF51-62,49091,48410,F,19.4,67,
50220,52,Test.F52-22,BrF51-63,49085,48460,M,29.1,66,
50223,52,Test.F52-21,BrF51-48,49013,48466,F,20.7,66,
50225,52,Test.F52-21,BrF51-56,49049,49500,F,17.1,66,
50226,52,Test.F52-22,BrF51-48,49013,48466,M,23.7,66,
50230,52,Test.F52-22,BrF51-56,49049,49500,M,26.6,66,
50234,52,Test.F52-24,BrF51-49,49005,49034,M,22,66,
50235,52,Test.F52-23,BrF51-49,49005,49034,F,18.6,66,
50237,52,Test.F52-23,BrF51-32,48437,48422,F,21,67,
50238,52,Test.F52-23,BrF51-61,49079,48386,F,19.9,66,
50241,52,Test.F52-23,BrF51-50,48039,48364,F,21,66,
50242,52,Test.F52-24,BrF51-50,48039,48364,M,32.2,66,
50245,52,Test.F52-24,BrF51-32,48437,48422,M,26.7,67,
50248,52,Test.F52-24,BrF51-51,49029,48434,M,28.7,66,
50252,52,Test.F52-26,BrF51-41,48481,48492,M,29.3,67,
50253,52,Test.F52-25,BrF51-51,49029,48434,F,19.5,66,
50255,52,Test.F52-25,BrF51-41,48481,48492,F,20.1,67,
50258,52,Test.F52-26,BrF51-60,49077,48330,M,26,66,
50259,52,Test.F52-25,BrF51-60,49077,48330,F,21,66,
50262,52,Test.F52-26,BrF51-52,49037,49082,M,24.8,65,
50265,52,Test.F52-27,BrF51-52,49037,49082,F,19.9,65,
50266,52,Test.F52-26,BrF51-13,48403,48488,M,28.4,63,
50269,52,Test.F52-27,BrF51-13,48403,48488,F,27.3,63,
50279,52,Test.F52-27,BrF51-31,48329,49208,F,20.8,53,
50282,52,Test.F52-30,BrF51-26,48343,49280,M,29.1,71,
50286,52,Test.F52-30,BrF51-35,48435,49216,M,33.2,71,
50288,52,Test.F52-30,BrF51-29,48397,49232,M,35.2,70,
50293,52,Test.F52-31,BrF51-30,48419,49236,F,18.2,69,
50296,52,Test.F52-32,BrF51-30,48419,49236,M,32.5,69,
50299,52,Test.F52-31,BrF51-45,48485,49066,F,25.9,66,
50300,52,Test.F52-32,BrF51-45,48485,49066,M,38.3,66,
50303,52,Test.F52-31,BrF51-57,49065,49086,F,22.8,66,
50304,52,Test.F52-32,BrF51-57,49065,49086,M,28.8,66,
50310,52,Test.F52-32,BrF51-61,49079,48386,M,33.6,66,
50311,52,Test.F52-33,BrF51-77,49275,48498,F,23.2,61,
50315,52,Test.F52-33,BrF51-86,49265,49422,F,23.4,61,
50316,52,Test.F52-34,BrF51-72,49227,48356,M,34.6,61,
50322,52,Test.F52-34,BrF51-86,49265,49422,M,30.9,61,
50326,52,Test.F52-34,BrF51-38,48457,49272,M,39.8,61,
50327,52,Test.F52-33,BrF51-88,49281,48346,F,23.1,61,
50330,52,Test.F52-34,BrF51-88,49281,48346,M,32.1,61,
50333,52,Test.F52-35,BrF51-75,49261,48396,F,22.1,61,
50335,52,Test.F52-35,BrF51-74,49251,49014,F,23,61,
50336,52,Test.F52-36,BrF51-75,49261,48396,M,25.8,61,
50340,52,Test.F52-36,BrF51-74,49251,49014,M,27.3,61,
50341,52,Test.F52-37,BrF51-92,49295,48407,F,20.7,59,
50344,52,Test.F52-38,BrF51-92,49295,48407,M,32.4,59,
50345,52,Test.F52-37,BrF51-85,49235,48400,F,27.9,59,
50348,52,Test.F52-38,BrF51-85,49235,48400,M,37.2,59,
50351,52,Test.F52-37,BrF51-79,49081,49088,F,20.2,59,
50354,52,Test.F52-38,BrF51-79,49081,49088,M,29.8,59,
50355,52,Test.F52-37,BrF51-87,49257,49300,F,20.2,59,
50358,52,Test.F52-38,BrF51-87,49257,49300,M,27,59,
50359,52,Test.F52-39,BrF51-76,49269,49420,F,28.8,59,
50364,52,Test.F52-40,BrF51-80,49219,49094,M,30.9,58,
50365,52,Test.F52-39,BrF51-80,49219,49094,F,22.6,58,
50369,52,Test.F52-39,BrF51-90,49277,49260,F,24.4,58,
50370,52,Test.F52-40,BrF51-90,49277,49260,M,29.9,58,
50374,52,Test.F52-40,BrF51-89,49273,48499,M,26,58,
50375,52,Test.F52-41,BrF51-89,49273,48499,F,20.5,58,
50377,52,Test.F52-41,BrF51-34,48442,49096,F,23.4,59,
50382,52,Test.F52-42,BrF51-28,48393,49292,M,32.2,55,
50383,52,Test.F52-43,BrF51-28,48393,49292,F,25.4,55,
50385,52,Test.F52-43,BrF51-73,49241,48418,F,28.6,56,
50386,52,Test.F52-42,BrF51-73,49241,48418,M,27.9,56,
50390,52,Test.F52-42,BrF51-82,49421,49268,M,30.5,56,
50391,52,Test.F52-43,BrF51-82,49421,49268,F,21.1,56,
50396,52,Test.F52-42,BrF51-95,49445,49252,M,37.3,55,
50397,52,Test.F52-43,BrF51-95,49445,49252,F,22.3,55,
50404,52,Test.F52-44,BrF51-71,49061,49022,M,26.9,55,
50405,52,Test.F52-45,BrF51-71,49061,49022,F,19.4,55,
50406,52,Test.F52-44,BrF51-78,49043,48392,M,27.1,55,
50407,52,Test.F52-45,BrF51-78,49043,48392,F,20.5,55,
50411,52,Test.F52-45,BrF51-93,49407,49042,F,23,54,
50412,52,Test.F52-44,BrF51-93,49407,49042,M,31.6,54,
50417,52,Test.F52-45,BrF51-94,49413,48340,F,24.1,54,
50419,52,Test.F52-47,BrF51-26,48343,49280,F,20.2,50,
50420,52,Test.F52-44,BrF51-94,49413,48340,M,26.8,54,
50421,52,Test.F52-47,BrF51-84,49239,49450,F,33.7,51,
50429,52,Test.F52-47,BrF51-66,48301,49454,F,20.5,49,
50430,52,Test.F52-46,BrF51-84,49239,49450,M,30.6,51,
50431,52,Test.F52-47,BrF51-46,48487,49244,F,20.8,44,
50432,52,Test.F52-46,BrF51-66,48301,49454,M,26,49,
50474,53,Test.F53-02,BrF52-01,49441,49484,M,29.9,68,
50475,53,Test.F53-01,BrF52-01,49441,49484,F,23.5,68,
50478,53,Test.F53-02,BrF52-04,49443,50244,M,28.5,68,
50479,53,Test.F53-01,BrF52-04,49443,50244,F,20,68,
50482,53,Test.F53-02,BrF52-06,49473,49480,M,29.3,69,
50485,53,Test.F53-01,BrF52-06,49473,49480,F,23.5,69,
50486,53,Test.F53-02,BrF52-07,49477,50224,M,30.1,69,
50487,53,Test.F53-01,BrF52-07,49477,50224,F,24.1,69,
50490,53,Test.F53-04,BrF52-10,49481,50160,M,27.6,68,
50491,53,Test.F53-03,BrF52-10,49481,50160,F,20,68,
50494,53,Test.F53-04,BrF52-11,49483,50256,M,28.1,68,
50496,53,Test.F53-04,BrF52-14,49495,50240,M,29.2,69,
50497,53,Test.F53-03,BrF52-11,49483,50256,F,26.2,68,
50500,53,Test.F53-04,BrF52-16,50127,50192,M,26.2,68,
50701,53,Test.F53-03,BrF52-14,49495,50240,F,23,69,
50703,53,Test.F53-03,BrF52-16,50127,50192,F,21.6,68,
50704,53,Test.F53-06,BrF52-22,50157,49434,M,24.7,69,
50707,53,Test.F53-05,BrF52-22,50157,49434,F,20.4,69,
50708,53,Test.F53-06,BrF52-27,50203,50116,M,30.2,70,
50712,53,Test.F53-06,BrF52-24,50145,50184,M,25.3,68,
50714,53,Test.F53-06,BrF52-28,50219,49500,M,40.2,68,
50715,53,Test.F53-05,BrF52-27,50203,50116,F,20.5,70,
50719,53,Test.F53-05,BrF52-24,50145,50184,F,23.5,68,
50722,53,Test.F53-08,BrF52-30,50261,49428,M,30.1,69,
50723,53,Test.F53-05,BrF52-28,50219,49500,F,25.4,68,
50728,53,Test.F53-08,BrF52-31,50273,49438,M,27.9,68,
50729,53,Test.F53-07,BrF52-30,50261,49428,F,19.9,69,
50731,53,Test.F53-07,BrF52-31,50273,49438,F,20.9,68,
50735,53,Test.F53-07,BrF52-12,49491,50272,F,20.2,67,
50736,53,Test.F53-08,BrF52-12,49491,50272,M,27.5,67,
50740,53,Test.F53-08,BrF52-13,50109,50200,M,28.7,67,
50741,53,Test.F53-07,BrF52-13,50109,50200,F,20.8,67,
50744,53,Test.F53-10,BrF52-15,50128,50108,M,33.1,67,
50745,53,Test.F53-09,BrF52-15,50128,50108,F,23.8,67,
50746,53,Test.F53-10,BrF52-17,50120,50214,M,25.4,67,
50749,53,Test.F53-09,BrF52-17,50120,50214,F,22.3,67,
50752,53,Test.F53-10,BrF52-18,50141,49442,M,35,67,
50753,53,Test.F53-09,BrF52-18,50141,49442,F,21.7,67,
50755,53,Test.F53-09,BrF52-19,50135,49444,F,22.5,67,
50756,53,Test.F53-10,BrF52-19,50135,49444,M,27.8,67,
50760,53,Test.F53-12,BrF52-21,50133,50250,M,38.2,67,
50763,53,Test.F53-11,BrF52-21,50133,50250,F,29.5,67,
50764,53,Test.F53-12,BrF52-23,50161,49492,M,32.6,67,
50767,53,Test.F53-11,BrF52-23,50161,49492,F,25.1,67,
50770,53,Test.F53-12,BrF52-02,49433,50166,M,27.6,67,
50771,53,Test.F53-11,BrF52-02,49433,50166,F,23.4,67,
50774,53,Test.F53-12,BrF52-05,49437,50246,M,27.2,67,
50775,53,Test.F53-11,BrF52-05,49437,50246,F,21,67,
50778,53,Test.F53-14,BrF52-08,49465,50236,M,27.7,67,
50779,53,Test.F53-13,BrF52-08,49465,50236,F,22.8,67,
50784,53,Test.F53-14,BrF52-09,49489,50142,M,29,67,
50787,53,Test.F53-13,BrF52-09,49489,50142,F,20.4,67,
50788,53,Test.F53-14,BrF52-25,50171,50104,M,30.8,67,
50792,53,Test.F53-13,BrF52-25,50171,50104,F,21.2,67,
50793,53,Test.F53-15,BrF52-32,50301,49496,F,22.2,67,
50794,53,Test.F53-16,BrF52-32,50301,49496,M,26.1,67,
50795,53,Test.F53-15,BrF52-33,50339,49460,F,23.1,67,
50797,53,Test.F53-15,BrF52-03,49429,50196,F,23.6,66,
50798,53,Test.F53-18,BrF52-29,50233,50110,M,24.9,66,
50799,53,Test.F53-17,BrF52-20,50139,50222,F,23.4,66,
51201,53,Test.F53-21,BrF52-63,50413,49464,F,25,71,
51202,53,Test.53-22,BrF52-46,50179,50318,M,28.8,69,
51204,53,Test.53-22,BrF52-63,50413,49464,M,32.7,71,
51205,53,Test.F53-21,BrF52-38,50101,50314,F,22.7,70,
51209,53,Test.F53-21,BrF52-57,50291,50162,F,29.4,70,
51210,53,Test.53-22,BrF52-38,50101,50314,M,32.1,70,
51211,53,Test.F53-21,BrF52-60,50393,50138,F,18.2,69,
51216,53,Test.53-22,BrF52-57,50291,50162,M,40,70,
51219,53,Test.F53-23,BrF52-62,50409,50144,F,27.1,69,
51220,53,Test.F53-24,BrF52-60,50393,50138,M,21.3,69,
51221,53,Test.F53-23,BrF52-55,50257,50264,F,23.4,70,
51223,53,Test.F53-23,BrF52-49,50183,50428,F,18.8,69,
51224,53,Test.F53-24,BrF52-62,50409,50144,M,30.9,69,
51228,53,Test.F53-24,BrF52-55,50257,50264,M,35.5,70,
51229,53,Test.F53-23,BrF52-41,50117,50298,F,22.2,69,
51233,53,Test.F53-25,BrF52-40,50113,50388,F,24.2,68,
51234,53,Test.F53-24,BrF52-49,50183,50428,M,24.8,69,
51236,53,Test.F53-26,BrF52-41,50117,50298,M,35,69,
51239,53,Test.F53-25,BrF52-47,50187,50302,F,22,69,
51240,53,Test.F53-26,BrF52-40,50113,50388,M,30.6,68,
51241,53,Test.F53-25,BrF52-36,49463,50362,F,27.9,68,
51243,53,Test.F53-29,BrF52-64,50415,49488,F,22.3,68,
51244,53,Test.F53-26,BrF52-47,50187,50302,M,30.1,69,
51245,53,Test.F53-29,BrF52-56,50257,50264,F,23,69,
51247,53,Test.F53-25,BrF52-39,50105,50346,F,16.6,68,
51250,53,Test.F53-26,BrF52-36,49463,50362,M,39.1,68,
51254,53,Test.F53-30,BrF52-64,50415,49488,M,29.1,69,
51257,53,Test.F53-27,BrF52-37,49469,50414,F,26.5,70,
51258,53,Test.F53-28,BrF52-39,50105,50346,M,27.3,68,
51259,53,Test.F53-27,BrF52-59,50349,50126,F,19.5,68,
51262,53,Test.F53-28,BrF52-37,49469,50414,M,29.9,70,
51263,53,Test.F53-29,BrF52-43,50249,50422,F,26.3,67,
51268,53,Test.F53-28,BrF52-59,50349,50126,M,21.2,68,
51272,53,Test.F53-30,BrF52-56,50257,50264,M,28.2,68,
51275,53,Test.F53-33,BrF52-65,50277,50312,F,18.3,67,
51276,53,Test.F53-30,BrF52-43,50249,50422,M,32.4,67,
51277,53,Test.F53-29,BrF52-45,50175,50228,F,19.9,67,
51280,53,Test.F53-30,BrF52-45,50175,50228,M,27.6,67,
51281,53,Test.F53-31,BrF52-52,50231,50204,F,23,68,
51283,53,Test.F53-31,BrF52-53,50243,50174,F,20.8,67,
51284,53,Test.F53-32,BrF52-52,50231,50204,M,23.9,68,
51288,53,Test.F53-32,BrF52-53,50243,50174,M,29.4,67,
51289,53,Test.F53-31,BrF52-61,50389,50138,F,22.9,67,
51291,53,Test.F53-27,BrF52-54,50239,50276,F,23,66,
51294,53,Test.F53-32,BrF52-61,50389,50138,M,25.1,67,
51295,53,Test.F53-27,BrF52-65,50277,50312,F,18.4,67,
51297,53,Test.F53-33,BrF52-44,50263,49468,F,22.1,63,
51302,53,Test.F53-32,BrF52-54,50239,50276,M,28.1,66,
51303,53,Test.F53-33,BrF52-51,50227,50188,F,16.7,59,
51304,53,Test.F53-34,BrF52-65,50277,50312,M,29,67,
51307,53,Test.F53-33,BrF52-50,50209,50270,F,16.4,66,
51308,53,Test.F53-34,BrF52-44,50263,49468,M,26.8,63,
51309,53,Test.F53-34,BrF52-51,50227,50188,M,23.3,59,
51313,53,Test.F53-35,BrF52-57,50291,50162,F,26.6,91,
51319,53,Test.F53-35,BrF52-46,50179,50318,F,23.7,91,
51324,53,Test.F53-36,BrF52-70,50215,50350,M,32.1,71,
51327,53,Test.F53-37,BrF52-70,50215,50350,F,31.6,71,
51328,53,Test.F53-36,BrF52-71,50213,50394,M,30.9,69,
51329,53,Test.F53-37,BrF52-71,50213,50394,F,23.8,69,
51334,53,Test.F53-36,BrF52-67,50169,50356,M,30.7,68,
51335,53,Test.F53-37,BrF52-67,50169,50356,F,24.6,68,
51338,53,Test.F53-36,BrF52-68,50165,50392,M,29.1,68,
51339,53,Test.F53-37,BrF52-68,50165,50392,F,24.7,68,
51342,53,Test.F53-38,BrF52-75,50251,50446,M,23.8,68,
51345,53,Test.F53-39,BrF52-75,50251,50446,F,20,68,
51346,53,Test.F53-38,BrF52-76,50267,50306,M,36.8,68,
51349,53,Test.F53-39,BrF52-76,50267,50306,F,24.7,68,
51350,53,Test.F53-38,BrF52-78,50283,50372,M,28.4,69,
51351,53,Test.F53-39,BrF52-78,50283,50372,F,22.8,69,
51355,53,Test.F53-39,BrF52-80,50297,50208,F,20.7,68,
51356,53,Test.F53-38,BrF52-80,50297,50208,M,27.7,68,
51359,53,Test.F53-41,BrF52-79,50287,50424,F,22.4,68,
51360,53,Test.F53-40,BrF52-79,50287,50424,M,31.9,68,
51361,53,Test.F53-41,BrF52-81,50305,50334,F,19,68,
51364,53,Test.F53-40,BrF52-81,50305,50334,M,29.2,68,
51367,53,Test.F53-41,BrF52-82,50307,50254,F,23.3,68,
51368,53,Test.F53-40,BrF52-82,50307,50254,M,32,68,
51371,53,Test.F53-41,BrF52-83,50317,50260,F,21.4,69,
51372,53,Test.F53-40,BrF52-83,50317,50260,M,28.7,69,
51375,53,Test.F53-43,BrF52-84,50309,50290,F,22.2,68,
51376,53,Test.F53-42,BrF52-84,50309,50290,M,26.6,68,
51377,53,Test.F53-43,BrF52-89,50367,50154,F,27.2,68,
51380,53,Test.F53-42,BrF52-89,50367,50154,M,28.7,68,
51383,53,Test.F53-43,BrF52-85,50319,50292,F,19.1,NA,
51384,53,Test.F53-42,BrF52-85,50319,50292,M,31.7,NA,
51387,53,Test.F53-43,BrF52-95,50295,50400,F,21.2,67,
51388,53,Test.F53-42,BrF52-95,50295,50400,M,23.6,67,
51392,53,Test.F53-44,BrF52-88,50345,50328,M,30.7,67,
51395,53,Test.F53-45,BrF52-88,50345,50328,F,19.3,67,
51396,53,Test.F53-44,BrF52-91,50379,50212,M,31.8,66,
51399,53,Test.F53-45,BrF52-91,50379,50212,F,23.9,66,
51400,53,Test.F53-44,BrF52-87,50353,50176,M,37,66,
51420,53,Test.F53-46,BrF52-94,50465,50320,M,25.7,86,
51454,53,Test.F53-44,BrF52-93,50425,50178,M,35.3,NA,
51455,53,Test.F53-45,BrF52-87,50353,50176,F,28.4,66,
51461,53,Test.F53-47,BrF52-94,50465,50320,F,23.5,86,
51463,53,Test.F53-45,BrF52-93,50425,50178,F,30.4,NA,
51602,53,Test.F53-46,BrF52-90,50373,50218,M,21.4,76,
51603,53,Test.F53-47,BrF52-90,50373,50218,F,18,76,
51604,53,Test.F53-48,BrF52-86,50313,50332,M,22,71,
51607,53,Test.F53-49,BrF52-86,50313,50332,F,22.1,71,
51608,53,Test.F53-48,BrF52-112,50461,50472,M,27.2,69,
51609,53,Test.F53-49,BrF52-112,50461,50472,F,19.1,69,
51613,53,Test.F53-49,BrF52-108,50331,50360,F,18.3,69,
51614,53,Test.F53-48,BrF52-108,50331,50360,M,28.5,69,
51616,53,Test.F53-49,BrF52-104,50381,50426,F,26.9,69,
51618,53,Test.F53-48,BrF52-104,50381,50426,M,31.2,69,
51621,53,Test.F53-51,BrF52-105,50357,50442,F,20.3,69,
51624,53,Test.F53-50,BrF52-105,50357,50442,M,24.1,69,
51627,53,Test.F53-51,BrF52-107,50363,50398,F,23.6,68,
51628,53,Test.F53-50,BrF52-107,50363,50398,M,28.8,68,
51631,53,Test.F53-51,BrF52-100,50403,50308,F,18.9,68,
51634,53,Test.F53-50,BrF52-100,50403,50308,M,25.6,68,
51641,53,Test.F53-53,BrF52-111,50459,50462,F,20.5,67,
51642,53,Test.F53-52,BrF52-111,50459,50462,M,27.6,67,
51644,53,Test.F53-52,BrF52-106,50361,50448,M,33,66,
51645,53,Test.F53-53,BrF52-106,50361,50448,F,22.1,66,
51648,53,Test.F53-52,BrF52-101,50399,50378,M,30.2,66,
51651,53,Test.F53-53,BrF52-101,50399,50378,F,26.4,66,
51654,53,Test.F53-52,BrF52-98,50395,50384,M,27,63,
51656,53,Test.F53-46,BrF52-74,50247,50294,M,34,57,
51657,53,Test.F53-53,BrF52-98,50395,50384,F,19.7,63,
51660,54,Test.F54-02,BrF53-22,51249,50748,M,30.7,70,
51661,53,Test.F53-47,BrF52-74,50247,50294,F,22.1,57,
51662,54,Test.F54-02,BrF53-27,51267,49378,M,28.5,70,
51665,54,Test.F54-01,BrF53-27,51267,49378,F,25.9,70,
51666,54,Test.F54-02,BrF53-04,50743,50476,M,28.7,69,
51669,54,Test.F54-01,BrF53-22,51249,50748,F,22.2,70,
51672,54,Test.F54-04,BrF53-01,50477,51206,M,40.1,67,
51673,54,Test.F54-01,BrF53-04,50743,50476,F,23.4,69,
51676,54,Test.F54-04,BrF53-05,50733,50726,M,27.6,68,
51681,54,Test.F54-03,BrF53-01,50477,51206,F,32.1,67,
51682,54,Test.F54-04,BrF53-06,50737,50742,M,31.2,68,
51683,54,Test.F54-03,BrF53-05,50733,50726,F,22.3,68,
51686,54,Test.F54-04,BrF53-08,50759,50710,M,22.8,67,
51689,54,Test.F54-03,BrF53-06,50737,50742,F,20.6,68,
51690,54,Test.F54-06,BrF53-09,50751,50702,M,25.2,67,
51693,54,Test.F54-03,BrF53-08,50759,50710,F,19.6,67,
51694,54,Test.F54-06,BrF53-11,50791,51248,M,35.2,67,
51695,54,Test.F54-05,BrF53-09,50751,50702,F,17.7,67,
51698,54,Test.F54-06,BrF53-15,50097,50750,M,24.7,67,
51699,54,Test.F54-05,BrF53-11,50791,51248,F,22.4,67,
51700,54,Test.F54-08,BrF53-14,50089,50758,M,34.5,67,
51705,54,Test.F54-05,BrF53-14,50089,50758,F,25.5,67,
51706,54,Test.F54-06,BrF53-16,51215,50730,M,30.3,68,
51709,54,Test.F54-05,BrF53-15,50097,50750,F,18.5,67,
51710,54,Test.F54-08,BrF53-17,51207,50772,M,31.7,68,
51713,54,Test.F54-07,BrF53-16,51215,50730,F,21.1,68,
51714,54,Test.F54-08,BrF53-19,51225,50768,M,29.4,69,
51717,54,Test.F54-07,BrF53-17,51207,50772,F,20.2,68,
51718,54,Test.F54-08,BrF53-24,51253,51232,M,23.6,67,
51722,54,Test.F54-10,BrF53-23,51251,51230,M,29.9,67,
51723,54,Test.F54-07,BrF53-19,51225,50768,F,20.3,67,
51727,54,Test.F54-07,BrF53-24,51253,51232,F,16.8,69,
51728,54,Test.F54-10,BrF53-30,51285,51270,M,32.1,68,
51731,54,Test.F54-09,BrF53-23,51251,51230,F,22,67,
51734,54,Test.F54-10,BrF53-31,51305,50796,M,28.6,67,
51737,54,Test.F54-09,BrF53-31,51305,50796,F,23.8,67,
51738,54,Test.F54-10,BrF53-32,51365,51226,M,26.4,67,
51739,54,Test.F54-09,BrF53-30,51285,51270,F,21.2,68,
51742,54,Test.F54-12,BrF53-21,51261,50762,M,31.1,67,
51745,54,Test.F54-09,BrF53-32,51365,51226,F,19.8,67,
51746,54,Test.F54-12,BrF53-20,51255,50498,M,29.4,67,
51747,54,Test.F54-11,BrF53-21,51261,50762,F,24.3,67,
51748,54,Test.F54-12,BrF53-29,51287,50480,M,27.5,66,
51752,54,Test.F54-12,BrF53-28,51271,51222,M,36.1,66,
51753,54,Test.F54-11,BrF53-20,51255,50498,F,24.8,67,
51756,54,Test.F54-14,BrF53-02,50725,50088,M,28.2,66,
51759,54,Test.F54-11,BrF53-29,51287,50480,F,19.8,66,
51760,54,Test.F54-14,BrF53-03,50721,51212,M,23.4,66,
51764,54,Test.F54-14,BrF53-12,50077,50714,M,32.2,66,
51765,54,Test.F54-11,BrF53-28,51271,51222,F,19.3,66,
51767,54,Test.F54-13,BrF53-02,50725,50088,F,20,66,
51770,54,Test.F54-14,BrF53-18,51217,50766,M,29.4,66,
51771,54,Test.F54-13,BrF53-03,50721,51212,F,23.2,66,
51774,54,Test.F54-16,BrF53-26,51273,50084,M,28.5,66,
51775,54,Test.F54-13,BrF53-12,50077,50714,F,22,66,
51778,54,Test.F54-16,BrF53-07,50747,50098,M,27.2,66,
51779,54,Test.F54-13,BrF53-18,51217,50766,F,23.1,66,
51782,54,Test.F54-16,BrF53-33,51451,50096,M,27.1,64,
51785,54,Test.F54-15,BrF53-26,51273,50084,F,23.8,66,
51791,54,Test.F54-15,BrF53-07,50747,50098,F,23.4,66,
51794,54,Test.F54-18,BrF53-13,50093,50488,M,20.5,59,
51795,54,Test.F54-15,BrF53-33,51451,50096,F,23.1,64,
51801,54,Test.F54-17,BrF53-13,50093,50488,F,19.2,59,
51804,54,Test.F54-18,BrF53-25,51269,50770,M,23,49,
51810,54,TestF54-20,BrF53-55,51323,50718,M,26.7,68,
51811,54,Test.F54-17,BrF53-25,51269,50770,F,19.2,49,
51812,54,TestF54-20,BrF53-63,51397,51214,M,31.3,67,
51813,54,TestF54-19,BrF53-55,51323,50718,F,24.8,68,
51815,54,TestF54-19,BrF53-63,51397,51214,F,25.3,67,
51816,54,TestF54-20,BrF53-53,51333,51246,M,27.7,66,
51819,54,TestF54-19,BrF53-53,51333,51246,F,20.1,66,
51820,54,TestF54-20,BrF53-57,51369,51260,M,26.7,66,
51823,54,TestF54-19,BrF53-57,51369,51260,F,23.8,66,
51828,54,TestF54-22,BrF53-62,51389,50080,M,24,66,
51829,54,TestF54-21,BrF53-62,51389,50080,F,19,66,
51831,54,TestF54-21,BrF53-60,51379,51290,F,23.5,66,
51832,54,TestF54-22,BrF53-60,51379,51290,M,32.6,66,
51833,54,TestF54-21,BrF53-39,50717,51322,F,22,66,
51836,54,TestF54-22,BrF53-39,50717,51322,M,29.4,66,
51839,54,TestF54-21,BrF53-54,51325,51310,F,19.9,65,
51840,54,TestF54-22,BrF53-54,51325,51310,M,24.9,65,
51842,54,TestF54-24,BrF53-52,51317,51238,M,25.6,65,
51845,54,TestF54-23,BrF53-52,51317,51238,F,21.3,65,
51847,54,TestF54-23,BrF53-58,51373,50800,F,18,66,
51850,54,TestF54-24,BrF53-58,51373,50800,M,26.5,66,
51853,54,TestF54-23,BrF53-43,49381,50734,F,21.5,65,
51854,54,TestF54-24,BrF53-43,49381,50734,M,27.8,65,
51857,54,TestF54-23,BrF53-48,51235,51282,F,21,65,
51858,54,TestF54-24,BrF53-48,51235,51282,M,29.4,65,
51863,54,TestF54-25,BrF53-38,50727,51278,F,25.7,65,
51866,54,TestF54-26,BrF53-38,50727,51278,M,29.7,65,
51867,54,TestF54-25,BrF53-45,51213,51286,F,21.2,65,
51870,54,TestF54-26,BrF53-45,51213,51286,M,28.2,65,
51871,54,TestF54-25,BrF53-49,51231,51292,F,23.1,64,
51875,54,TestF54-25,BrF53-44,50087,51326,F,24.8,63,
51876,54,TestF54-26,BrF53-49,51231,51292,M,37.6,64,
51877,54,TestF54-27,BrF53-36,50495,51340,F,25.2,108,
51878,54,TestF54-26,BrF53-44,50087,51326,M,28.5,63,
51881,54,TestF54-27,BrF53-41,50785,51306,F,32.8,108,
51882,54,TestF54-28,BrF53-36,50495,51340,M,36.9,108,
51883,54,TestF54-27,BrF53-35,50489,51640,F,23.1,107,
51886,54,TestF54-28,BrF53-46,51203,51298,M,39.7,108,
51890,54,TestF54-28,BrF53-35,50489,51640,M,30.5,107,
51891,54,TestF54-29,BrF53-34,50321,50780,F,26.3,101,
51892,54,TestF54-30,BrF53-34,50321,50780,M,35.7,101,
51896,54,TestF54-30,BrF53-42,50079,51296,M,40.1,99,
51897,54,TestF54-29,BrF53-42,50079,51296,F,24.5,99,
51901,54,TestF54-29,BrF53-51,51315,51218,F,23,97,
51902,54,TestF54-30,BrF53-51,51315,51218,M,34.4,97,
51905,54,TestF54-31,BrF53-40,50761,51318,F,24,95,
51906,54,TestF54-32,BrF53-40,50761,51318,M,28.4,95,
51910,54,TestF54-32,BrF53-56,51363,51242,M,31.3,95,
51911,54,TestF54-31,BrF53-56,51363,51242,F,22.6,95,
51913,54,TestF54-31,BrF53-61,51453,51320,F,23.2,91,
51914,54,TestF54-32,BrF53-61,51453,51320,M,36.3,91,
51916,54,TestF54-34,BrF53-59,51381,51266,M,24.8,84,
51920,54,TestF54-34,BrF53-74,51805,50754,M,29.1,82,
51923,54,TestF54-33,BrF53-59,51381,51266,F,19.8,84,
51924,54,TestF54-34,BrF53-66,51475,50790,M,28.2,83,
51927,54,TestF54-33,BrF53-74,51805,50754,F,23.6,82,
51930,54,TestF54-34,BrF53-95,51635,51252,M,34.6,83,
51933,54,TestF54-33,BrF53-66,51475,50790,F,22.6,83,
51935,54,TestF54-33,BrF53-95,51635,51252,F,26.5,83,
51936,54,TestF54-36,BrF53-65,51425,50786,M,28.9,81,
51940,54,TestF54-36,BrF53-68,51611,50492,M,27.3,82,
51941,54,TestF54-35,BrF53-65,51425,50786,F,21.7,81,
51944,54,TestF54-36,BrF53-72,51385,51208,M,31.6,82,
51947,54,TestF54-35,BrF53-68,51611,50492,F,24.5,82,
51949,54,TestF54-35,BrF53-72,51385,51208,F,19.4,82,
51950,54,TestF54-36,BrF53-75,50483,51274,M,26.8,81,
51953,54,TestF54-35,BrF53-75,50483,51274,F,22.2,81,
51956,54,TestF54-38,BrF53-78,51423,51336,M,31,82,
51959,54,TestF54-37,BrF53-78,51423,51336,F,18.5,82,
51961,54,TestF54-37,BrF53-79,51265,51330,F,22.5,82,
51962,54,TestF54-38,BrF53-79,51265,51330,M,29.1,82,
51965,54,TestF54-37,BrF53-81,50739,51362,F,17.4,82,
51966,54,TestF54-38,BrF53-81,50739,51362,M,27.5,82,
51971,54,TestF54-37,BrF53-82,51357,51352,F,27.2,82,
51972,54,TestF54-38,BrF53-82,51357,51352,M,31.9,82,
51976,54,TestF54-40,BrF53-83,51419,51354,M,25.1,82,
51979,54,TestF54-39,BrF53-83,51419,51354,F,18.5,82,
51980,54,TestF54-40,BrF53-86,51391,51606,M,25.6,81,
51981,54,TestF54-39,BrF53-86,51391,51606,F,20.6,81,
51982,54,TestF54-40,BrF53-92,50493,51650,M,26.4,82,
51984,54,TestF54-40,BrF53-93,50789,51652,M,31,80,
51987,54,TestF54-39,BrF53-93,50789,51652,F,27.3,80,
51991,54,TestF54-41,BrF53-64,51643,50484,F,21.5,80,
51992,54,TestF54-42,BrF53-64,51643,50484,M,26.4,80,
51993,54,TestF54-41,BrF53-84,51421,51348,F,23.8,80,
51994,54,TestF54-42,BrF53-84,51421,51348,M,26.2,80,
51997,54,TestF54-41,BrF53-37,50705,51374,F,26.8,81,
51998,54,TestF54-42,BrF53-76,50713,51300,M,24.8,79,
52000,54,TestF54-42,BrF53-94,51639,51358,M,23.5,78,
52003,54,TestF54-41,BrF53-76,50713,51300,F,25.6,79,
52004,54,TestF54-44,BrF53-90,51237,51646,M,39.4,78,
52009,54,TestF54-43,BrF53-94,51639,51358,F,18,78,
52011,54,TestF54-43,BrF53-90,51237,51646,F,25.3,78,
52012,54,TestF54-44,BrF53-85,51353,51418,M,29.2,78,
52014,54,TestF54-44,BrF53-71,51465,50738,M,31.8,78,
52015,54,TestF54-43,BrF53-85,51353,51418,F,15.8,78,
52018,54,TestF54-44,BrF53-41,50785,51306,M,34,77,
52019,54,TestF54-43,BrF53-71,51465,50738,F,23.6,78,
52022,54,TestF54-46,BrF53-69,51653,50724,M,32.1,77,
52026,54,TestF54-46,BrF53-73,51647,50090,M,33.3,77,
52027,54,TestF54-45,BrF53-69,51653,50724,F,26,77,
52030,54,TestF54-46,BrF53-87,51347,51610,M,29.7,77,
52031,54,TestF54-45,BrF53-73,51647,50090,F,27.9,77,
52035,54,TestF54-45,BrF53-87,51347,51610,F,18.1,77,
52036,54,TestF54-48,BrF53-70,51625,50782,M,40.1,112,
52040,54,TestF54-48,BrF53-88,51659,51452,M,42.6,112,
52041,54,TestF54-47,BrF53-70,51625,50782,F,22.3,112,
52044,54,TestF54-48,BrF53-91,50499,51456,M,45.9,112,
52045,54,TestF54-47,BrF53-88,51659,51452,F,24.7,112,
52048,54,TestF54-52,BrF53-96,50769,51394,M,26.6,73,
52049,54,TestF54-47,BrF53-91,50499,51456,F,39.4,112,
52053,54,TestF54-49,BrF53-67,51393,50720,F,24.2,119,
52055,54,TestF54-49,BrF53-80,51619,51314,F,20.3,89,
52058,54,TestF54-52,BrF53-100,51341,51366,M,28.4,73,
52059,54,TestF54-51,BrF53-96,50769,51394,F,22.8,73,
52062,54,TestF54-52,BrF53-103,51457,51636,M,34.2,73,
52063,54,TestF54-51,BrF53-100,51341,51366,F,23,73,
52066,54,TestF54-52,BrF53-104,51633,51382,M,34.9,73,
52067,54,TestF54-51,BrF53-103,51457,51636,F,25.1,73,
52071,54,TestF54-53,BrF53-104,51633,51382,F,21.1,73,
52072,54,TestF54-54,BrF53-111,51293,51622,M,20.2,73,
52073,54,TestF54-51,BrF53-111,51293,51622,F,17.2,73,
52076,55,TestF55-10,BrF54-35,51817,51942,M,34.8,68,
52077,55,TestF55-11,BrF54-29,51769,51912,F,25.7,68,
52079,55,TestF55-11,BrF54-36,51711,51934,F,21.8,68,
52081,55,TestF55-11,BrF54-38,51885,51952,F,16.6,68,
52083,55,TestF55-11,BrF54-20,52021,51818,F,21.4,68,
52088,55,TestF55-12,BrF54-36,51711,51934,M,29.5,68,
52092,55,TestF55-12,BrF54-38,51885,51952,M,29.9,68,
52093,55,TestF55-13,BrF54-19,52033,51784,F,22.9,68,
52096,55,TestF55-12,BrF54-20,52021,51818,M,39.1,68,
52099,55,TestF55-13,BrF54-21,51917,51664,F,18.1,68,
52100,55,TestF55-10,BrF54-17,51943,51758,M,25.5,68,
52101,54,TestF54-53,BrF53-106,51629,51620,F,20.2,72,
52102,54,TestF54-54,BrF53-106,51629,51620,M,31.6,72,
52103,54,TestF54-53,BrF53-107,50091,51386,F,25.6,72,
52107,55,TestF55-1,BrF54-03,51809,51766,F,23.6,72,
52108,55,TestF55-2,BrF54-03,51809,51766,M,33.4,72,
52109,55,TestF55-1,BrF54-05,51835,51744,F,24.3,72,
52112,55,TestF55-2,BrF54-05,51835,51744,M,38.1,72,
52115,55,TestF55-1,BrF54-06,51851,51702,F,23.3,74,
52116,55,TestF55-2,BrF54-06,51851,51702,M,33.3,74,
52117,55,TestF55-1,BrF54-07,51861,51776,F,21.4,72,
52120,55,TestF55-2,BrF54-07,51861,51776,M,28.3,72,
52123,55,TestF55-3,BrF54-15,51761,51684,F,20.5,74,
52124,55,TestF55-4,BrF54-15,51761,51684,M,28.5,74,
52127,55,TestF55-3,BrF54-14,51741,51716,F,22.4,73,
52131,55,TestF55-3,BrF54-10,51787,51814,F,25.8,73,
52132,55,TestF55-4,BrF54-14,51741,51716,M,23.3,73,
52136,55,TestF55-4,BrF54-10,51787,51814,M,31.6,73,
52138,54,TestF54-54,BrF53-107,50091,51386,M,41.9,72,
52139,54,TestF54-53,BrF53-105,51615,51398,F,26.2,71,
52144,54,TestF54-54,BrF53-105,51615,51398,M,27.2,71,
52145,54,TestF54-55,BrF53-101,51337,51802,F,19.5,71,
52149,54,TestF54-55,BrF53-102,51459,51390,F,22,70,
52150,54,TestF54-56,BrF53-101,51337,51802,M,23.9,71,
52152,54,TestF54-56,BrF53-102,51459,51390,M,34.1,70,
52153,55,TestF55-3,BrF54-02,51773,51808,F,23.5,71,
52156,55,TestF55-4,BrF54-02,51773,51808,M,32.6,71,
52159,55,TestF55-5,BrF54-08,51865,51796,F,24.1,71,
52161,55,TestF55-5,BrF54-09,51879,51806,F,22.7,71,
52162,55,TestF55-6,BrF54-08,51865,51796,M,23.4,71,
52164,55,TestF55-6,BrF54-09,51879,51806,M,32,71,
52165,55,TestF55-5,BrF54-11,51715,51826,F,19.6,71,
52168,55,TestF55-6,BrF54-11,51715,51826,M,30.8,71,
52169,55,TestF55-5,BrF54-01,51671,51736,F,20.9,70,
52173,55,TestF55-7,BrF54-13,51707,51708,F,24.3,66,
52174,55,TestF55-6,BrF54-01,51671,51736,M,29.5,70,
52175,54,TestF54-55,BrF53-109,51617,50082,F,25.2,69,
52177,54,TestF54-55,BrF53-113,51279,51638,F,21.1,67,
52178,54,TestF54-56,BrF53-109,51617,50082,M,32.2,69,
52180,54,TestF54-56,BrF53-113,51279,51638,M,24.9,67,
52182,55,TestF55-10,BrF54-29,51769,51912,M,35.6,68,
52185,54,TestF55-7,BrF53-99,51301,51360,F,20,66,
52186,54,TestF55-8,BrF53-99,51301,51360,M,30.5,66,
52191,55,TestF55-9,BrF54-04,51737,51712,F,19.9,81,
52192,55,TestF55-8,BrF54-13,51707,51708,M,29.1,66,
52193,55,TestF55-9,BrF54-17,51943,51758,F,21.5,70,
52197,55,TestF55-9,BrF54-35,51817,51942,F,22.5,70,
52198,55,TestF55-10,BrF54-04,51737,51712,M,29.2,69,
54100,55,TestF55-12,BrF54-19,52033,51784,M,31.9,68,
54104,55,TestF55-14,BrF54-21,51917,51664,M,22.2,68,
54105,55,TestF55-13,BrF54-23,51909,51838,F,22.4,68,
54106,55,TestF55-14,BrF54-23,51909,51838,M,25.9,68,
54109,55,TestF55-13,BrF54-22,51893,51830,F,22.8,68,
54113,55,TestF55-15,BrF54-25,52013,51880,F,20.9,68,
54114,55,TestF55-14,BrF54-22,51893,51830,M,32.7,68,
54116,55,TestF55-14,BrF54-25,52013,51880,M,25.4,68,
54117,55,TestF55-15,BrF54-26,52029,51874,F,20,68,
54121,55,TestF55-15,BrF54-39,51667,51974,F,20.1,68,
54124,55,TestF55-16,BrF54-26,52029,51874,M,29.1,68,
54125,55,TestF55-15,BrF54-32,51859,51918,F,19.9,68,
54126,55,TestF55-16,BrF54-39,51667,51974,M,27.3,68,
54130,55,TestF55-16,BrF54-32,51859,51918,M,31.8,68,
54131,55,TestF55-17,BrF54-49,52025,51704,F,16.7,68,
54133,55,TestF55-17,BrF54-48,52007,52010,F,16.5,67,
54134,55,TestF55-16,BrF54-49,52025,51704,M,33.5,68,
54138,55,TestF55-18,BrF54-48,52007,52010,M,23.1,67,
54139,55,TestF55-17,BrF54-47,51685,52002,F,23.6,67,
54141,55,TestF55-17,BrF54-42,51955,51968,F,20.9,68,
54142,55,TestF55-18,BrF54-47,51685,52002,M,23.1,67,
54146,55,TestF55-18,BrF54-42,51955,51968,M,28.1,67,
54147,55,TestF55-19,BrF54-34,52005,51922,F,21.1,67,
54149,55,TestF55-19,BrF54-31,51777,51932,F,22.8,67,
54150,55,TestF55-18,BrF54-34,52005,51922,M,29.4,67,
54153,55,TestF55-19,BrF54-30,51733,51908,F,22,67,
54154,55,TestF55-20,BrF54-31,51777,51932,M,38.3,67,
54157,55,TestF55-19,BrF54-24,51687,51862,F,18.8,67,
54158,55,TestF55-20,BrF54-30,51733,51908,M,32.7,67,
54161,55,TestF55-21,BrF54-43,51873,51978,F,21,81,
54164,55,TestF55-20,BrF54-24,51687,51862,M,25.5,67,
54165,55,TestF55-21,BrF54-45,52037,51996,F,20.2,70,
54166,55,TestF55-20,BrF54-43,51873,51978,M,26.7,67,
54169,55,TestF55-21,BrF54-37,51749,51938,F,23.1,70,
54170,55,TestF55-22,BrF54-37,51749,51938,M,34.2,63,
54173,55,TestF55-23,BrF54-16,51903,51754,F,19.3,70,
54176,55,TestF55-22,BrF54-45,52037,51996,M,23.9,66,
54178,55,TestF55-22,BrF54-16,51903,51754,M,30.5,63,
54179,55,TestF55-23,BrF54-28,51755,51904,F,23.4,70,
54182,55,TestF55-22,BrF54-28,51755,51904,M,30.6,66,
54183,55,TestF55-25,BrF54-44,51691,51990,F,19.2,68,
54186,55,TestF55-24,BrF54-44,51691,51990,M,27.6,70,
54187,55,TestF55-25,BrF54-51,51999,51730,F,29,70,
54190,55,TestF55-24,BrF54-51,51999,51730,M,25.2,69,
54193,55,TestF55-27,BrF53-112,51299,51632,F,27,103,
54194,55,TestF55-26,BrF54-41,51797,51958,M,37,98,
54196,55,TestF55-26,BrF53-112,51299,51632,M,47.1,103,
54198,55,TestF55-26,BrF54-46,51735,51986,M,35.1,92,
54199,55,TestF55-27,BrF54-41,51797,51958,F,27.5,98,
54201,55,TestF55-27,BrF54-46,51735,51986,F,25.8,92,
54207,55,TestF55-27,BrF54-51,51999,51730,F,27.7,115,
54209,55,TestF55-29,BrF54-40,51781,51964,F,21.9,77,
54213,55,TestF55-29,BrF54-75,51937,52182,F,27.5,77,
54216,55,TestF55-30,BrF54-59,52069,51868,M,35,77,
54217,55,TestF55-29,BrF54-56,51989,51846,F,22.3,77,
54220,55,TestF55-30,BrF54-71,51985,52050,M,36.6,77,
54221,55,TestF55-29,BrF54-80,51841,52060,F,23.9,77,
54226,55,TestF55-30,BrF54-61,52141,51948,M,31.8,77,
54227,55,TestF55-31,BrF54-59,52069,51868,F,25.7,77,
54229,55,TestF55-31,BrF54-71,51985,52050,F,24.1,77,
54230,55,TestF55-30,BrF54-81,51945,52064,M,35.8,76,
54233,55,TestF55-31,BrF54-61,52141,51948,F,24.4,77,
54234,55,TestF55-32,BrF54-55,51925,51856,M,27.9,76,
54237,55,TestF55-31,BrF54-81,51945,52064,F,28.7,76,
54238,55,TestF55-32,BrF54-54,52043,51822,M,29.8,76,
54240,55,TestF55-32,BrF54-69,51725,52042,M,35.6,77,
54243,55,TestF55-33,BrF54-55,51925,51856,F,19.8,76,
54244,55,TestF55-32,BrF54-58,51967,51872,M,31.3,75,
54245,55,TestF55-33,BrF54-54,52043,51822,F,29.1,76,
54248,55,TestF55-34,BrF54-63,52051,52008,M,27.9,75,
54249,55,TestF55-33,BrF54-69,51725,52042,F,25.6,77,
54252,55,TestF55-34,BrF54-66,51821,52028,M,31,75,
54253,55,TestF55-33,BrF54-58,51967,51872,F,26.7,75,
54256,55,TestF55-34,BrF54-74,51929,52146,M,32,75,
54257,55,TestF55-35,BrF54-63,52051,52008,F,22.2,75,
54260,55,TestF55-34,BrF54-64,52183,52016,M,30.7,75,
54261,55,TestF55-35,BrF54-66,51821,52028,F,23.2,75,
54266,55,TestF55-36,BrF54-73,51975,52074,M,26.3,74,
54267,55,TestF55-35,BrF54-74,51929,52146,F,19.5,75,
54269,55,TestF55-35,BrF54-64,52183,52016,F,22.9,75,
54270,55,TestF55-36,BrF54-82,51951,52056,M,37.8,73,
54274,55,TestF55-36,BrF54-76,51763,52140,M,33.1,73,
54276,55,TestF55-36,BrF54-84,52061,51724,M,31.6,73,
54277,55,TestF55-37,BrF54-73,51975,52074,F,23.7,74,
54279,55,TestF55-37,BrF54-82,51951,52056,F,27.6,73,
54282,55,TestF55-38,BrF54-77,51957,52184,M,33.8,74,
54283,55,TestF55-37,BrF54-76,51763,52140,F,23.4,73,
54284,55,TestF55-38,BrF54-70,52065,52038,M,30.9,74,
54289,55,TestF55-37,BrF54-84,52061,51724,F,18.9,73,
54290,55,TestF55-38,BrF54-68,51849,52046,M,40.3,74,
54291,55,TestF55-39,BrF54-77,51957,52184,F,32.3,74,
54294,55,TestF55-38,BrF54-79,51701,52188,M,39.1,74,
54295,55,TestF55-39,BrF54-70,52065,52038,F,21.3,74,
54298,55,TestF55-40,BrF54-52,52075,51750,M,30.3,71,
54299,55,TestF55-39,BrF54-68,51849,52046,F,28.5,74,
54300,55,TestF55-40,BrF54-57,51825,51888,M,32.7,71,
54303,55,TestF55-39,BrF54-79,51701,52188,F,26.4,74,
54304,55,TestF55-40,BrF54-78,51967,51872,M,36.5,75,
54307,55,TestF55-41,BrF54-52,52075,51750,F,24.4,71,
54310,55,TestF55-42,BrF54-60,52181,51926,M,25.3,71,
54311,55,TestF55-41,BrF54-57,51825,51888,F,25.5,71,
54315,55,TestF55-41,BrF54-78,51967,51872,F,28.1,75,
54316,55,TestF55-42,BrF54-65,52151,51678,M,34.9,71,
54319,55,TestF55-43,BrF54-60,52181,51926,F,23.3,71,
54320,55,TestF55-44,BrF54-93,51899,52024,M,NA,81,
54323,55,TestF55-43,BrF54-65,52151,51678,F,23.4,71,
54320,55,TestF55-44,BrF54-93,51899,52024,M,36.5,81,
54324,55,TestF55-44,BrF54-99,52143,51780,M,31.3,80,
54327,55,TestF55-45,BrF54-93,51899,52024,F,21.1,81,
54331,55,TestF55-45,BrF54-99,52143,51780,F,24.8,80,
54336,55,TestF55-46,BrF54-94,51939,52020,M,33,78,
54340,55,TestF55-46,BrF54-96,51869,51692,M,31.1,78,
54346,55,TestF55-46,BrF54-87,51895,52148,M,30.4,74,
54350,55,TestF55-46,BrF54-98,51983,51674,M,37.2,75,removed early. Last 2 startle pulses void
54343,55,TestF55-47,BrF54-94,51939,52020,F,23.3,78,removed early. Last 2 startle pulses void
54347,55,TestF55-47,BrF54-96,51869,51692,F,22.8,78,
54353,55,TestF55-47,BrF54-87,51895,52148,F,22.8,74,
54357,55,TestF55-47,BrF54-98,51983,51674,F,22,75,
54352,55,TestF55-48,BrF54-89,51827,51740,M,28.3,67,
54360,55,TestF55-48,BrF54-62,51973,52006,M,29.9,63,
54359,55,TestF55-49,BrF54-89,51827,51740,F,22.8,67,
54363,55,TestF55-49,BrF54-62,51973,52006,F,21.6,63,
54368,55,TestF55-50,BrF54-91,51995,51670,M,22,60,
54372,55,TestF55-50,BrF54-86,52147,51898,M,26,60,
54367,55,TestF55-51,BrF54-91,51995,51670,F,20.1,60,
54371,55,TestF55-51,BrF54-86,52147,51898,F,21,60,
54330,55,TestF55-52,BrF54-53,52095,51762,M,26.9,76,
54332,55,TestF55-52,BrF54-92,51931,54191,M,32.9,78,
54335,55,TestF55-53,BrF54-53,52095,51762,F,21.9,76,
54339,55,TestF55-53,BrF54-92,51931,54191,F,27.5,78,
